"Provincia";"Cod_ALPI";"Nº 405 Voy a casa del maestro";"[d]_2";"Casa_1";"Prep_de_1"
"Asturias";300;"casa del";"d";"casa";"de"
"Asturias";301;"casa del";"d";"casa";"de"
"Asturias";302;"ca'l";0;"ca";"no"
"Asturias";303;"casa del";"d-";"casa";"de"
"Asturias";304;"casa del";"d";"casa";"de"
"Asturias";305;"casa el";0;"casa";"articulo_pleno"
"Asturias";306;"casa del";"d";"casa";"de"
"Asturias";307;"ca'l";0;"ca";"no"
"Asturias";308;"ca'l";0;"ca";"no"
"Asturias";309;"ca'l";0;"ca";"no"
"Asturias";310;"ca'l";0;"ca";"no"
"Asturias";311;"casa el";0;"casa";"articulo_pleno"
"Asturias";311;"ca'l";0;"ca";"no"
"Asturias";312;"ca el";0;"ca";"articulo_pleno"
"Asturias";313;"ca'l";0;"ca";"no"
"Asturias";314;"casa el";0;"casa";"articulo_pleno"
"Asturias";315;"ca la (sin prep)";;"ca";"no"
"Asturias";316;"ca'l";0;"ca";"no"
"Asturias";317;"cai el";0;"cai";"articulo_pleno"
"Asturias";318;"ca el";0;"ca";"articulo_pleno"
"Asturias";319;"ca el";0;"ca";"articulo_pleno"
"Asturias";320;"ca'l";0;"ca";"no"
"Asturias";321;"ca'l";0;"ca";"no"
"Asturias";322;"cae el";0;"cai";"articulo_pleno"
"Asturias";323;"casa del";"d";"casa";"de"
"León";324;"casa do";"d";"casa";"de"
"León";325;"casa dal";"d";"casa";"de"
"León";326;"casa del";"d";"casa";"de"
"León";326;"cai del";"d";"cai";"de"
"León";327;"ca'l";0;"ca";"no"
"León";328;"ca'l";0;"ca";"no"
"León";329;"ca'l";0;"ca";"no"
"León";330;"ca'l";0;"ca";"no"
"León";331;"ca'l";0;"ca";"no"
"León";332;"ca'l";0;"ca";"no"
"León";333;"casa do";"d";"casa";"de"
"León";334;"ca'l";0;"ca";"no"
"León";335;"ca'l";0;"ca";"no"
"León";336;"ca'l";0;"ca";"no"
"Zamora";337;"casa el";0;"casa";"articulo_pleno"
"Zamora";338;"ca'l";0;"ca";"no"
"Zamora";339;"ca'l";0;"ca";"no"
"Zamora";340;"casa do";"d";"casa";"de"
"Zamora";341;"casa do";"d";"casa";"de"
"Zamora";342;"ca'l";0;"ca";"no"
"Zamora";343;"ca'l";0;"ca";"no"
"Zamora";344;"ca'l";0;"ca";"no"
"Zamora";345;"ca del";"d";"ca";"de"
"Zamora";346;"ca del";"d";"ca";"de"
"Zamora";347;"ca'l";0;"ca";"no"
"Zamora";348;"ca el";0;"ca";"articulo_pleno"
"Salamanca";349;"ca'l";0;"ca";"no"
"Salamanca";350;"ca'l";0;"ca";"no"
"Salamanca";351;"ca'l";0;"ca";"no"
"Salamanca";352;"ca'l";0;"ca";"no"
"Salamanca";353;"ca'l";0;"ca";"no"
"Salamanca";354;"ca'l";0;"ca";"no"
"Salamanca";355;"ca'l";0;"ca";"no"
"Salamanca";356;"ca'l";0;"ca";"no"
"Salamanca";357;"ca'l";0;"ca";"no"
"Salamanca";358;"ca el";0;"ca";"articulo_pleno"
"Salamanca";359;"ca'l";0;"ca";"no"
"Cáceres";360;"casa du";"d";"casa";"de"
"Cáceres";361;"ca el";0;"ca";"articulo_pleno"
"Cáceres";362;"ca u";0;"ca";"articulo_pleno"
"Cáceres";363;"ca el";0;"ca";"articulo_pleno"
"Cáceres";3632;;;"NA";"NA"
"Cáceres";364;"ca el";0;"ca";"articulo_pleno"
"Cáceres";365;"casa do";"d";"casa";"de"
"Cáceres";366;"ca el";0;"ca";"articulo_pleno"
"Cáceres";367;"ca el";0;"ca";"articulo_pleno"
"Badajoz";368;"ca'l";0;"ca";"no"
"Badajoz";369;"ca el";0;"ca";"articulo_pleno"
"Badajoz";370;"ca'l";0;"ca";"no"
"Badajoz";371;"ca'l";0;"ca";"no"
"Badajoz";372;"ca el";0;"ca";"articulo_pleno"
"Badajoz";372;"ca'l";0;"ca";"no"
"Badajoz";373;"ca el";0;"ca";"articulo_pleno"
"Badajoz";374;"ca'l";0;"ca";"no"
"Badajoz";375;"ca el";0;"ca";"articulo_pleno"
"Badajoz";376;"ca'l";0;"ca";"no"
"Badajoz";377;"ca'l";0;"ca";"no"
"Santander";400;"casa el";0;"casa";"articulo_pleno"
"Santander";401;"ca'l";0;"ca";"no"
"Santander";402;"ca'l";0;"ca";"no"
"Santander";403;"casa del";"d";"casa";"de"
"Santander";404;"casa el";0;"casa";"articulo_pleno"
"Santander";405;"casa el";0;"casa";"articulo_pleno"
"Santander";406;"ca'l";0;"ca";"no"
"Santander";407;"casa del";"d";"casa";"de"
"Santander";407;"ca el";0;"ca";"articulo_pleno"
"Santander";408;"ca'l";0;"ca";"no"
"Santander";409;"casa el";0;"casa";"articulo_pleno"
"Santander";409;"ca el";0;"ca";"articulo_pleno"
"Santander";410;"ca'l";0;"ca";"no"
"Santander";411;"ca el";0;"ca";"articulo_pleno"
"Palencia";412;"ca'l";0;"ca";"no"
"Palencia";413;"ca'l";0;"ca";"no"
"Palencia";414;"ca el";0;"ca";"articulo_pleno"
"Palencia";415;"ca'l";0;"ca";"no"
"Palencia";416;"ca el";0;"ca";"articulo_pleno"
"Palencia";417;"ca'l";0;"ca";"no"
"Valladolid";435;"ca'l";0;"ca";"no"
"Valladolid";436;"ca el";0;"ca";"articulo_pleno"
"Valladolid";437;"ca'l";0;"ca";"no"
"Valladolid";438;"ca el";0;"ca";"articulo_pleno"
"Segovia";439;"ca'l";0;"ca";"no"
"Segovia";440;"ca'l";0;"ca";"no"
"Soria";441;"ca'l";0;"ca";"no"
"Soria";442;"ca'l";0;"ca";"no"
"Soria";443;"casa el";0;"casa";"articulo_pleno"
"Soria";443;"ca el";0;"ca";"articulo_pleno"
"Soria";444;"casa el";0;"casa";"articulo_pleno"
"Soria";445;"ca'l";0;"ca";"no"
"Soria";446;"casa el";0;"casa";"articulo_pleno"
"Soria";447;"casa el";0;"casa";"articulo_pleno"
"Soria";448;"ca el";0;"ca";"articulo_pleno"
"Ávila";449;"ca'l";0;"ca";"no"
"Ávila";450;"ca el";0;"ca";"articulo_pleno"
"Ávila";451;"ca'l";0;"ca";"no"
"Ávila";452;"ca'l";0;"ca";"no"
"Ávila";453;"ca el";0;"ca";"articulo_pleno"
"Madrid";454;"ca el";0;"ca";"articulo_pleno"
"Madrid";455;"casa del";"d";"casa";"de"
"Madrid";4552;"casa del";"d-";"casa";"de"
"Madrid";456;"casa del";"d";"casa";"de"
"Madrid";457;"casa del";"d";"casa";"de"
"Guadalajara";458;"casa el";0;"casa";"articulo_pleno"
"Guadalajara";459;"ca'l";0;"ca";"no"
"Guadalajara";460;"casa de";"d";"casa";"de"
"Guadalajara";460;"casa del";"d";"casa";"de"
"Guadalajara";461;"ca el";0;"ca";"articulo_pleno"
"Guadalajara";462;"casa el";0;"casa";"articulo_pleno"
"Toledo";463;"ca el";0;"ca";"articulo_pleno"
"Toledo";464;"ca'l";0;"ca";"no"
"Toledo";465;"casa del";"d";"casa";"de"
"Toledo";466;"ca'l";0;"ca";"no"
"Toledo";467;"ca'l";0;"ca";"no"
"Toledo";468;"ca'l";0;"ca";"no"
"Toledo";469;"ca'l";0;"ca";"no"
"Ciudad Real";475;"ca el";0;"ca";"articulo_pleno"
"Ciudad Real";476;"ca el";0;"ca";"articulo_pleno"
"Ciudad Real";477;"ca el";0;"ca";"articulo_pleno"
"Ciudad Real";478;"ca el";0;"ca";"articulo_pleno"
"Ciudad Real";479;"ca el";0;"ca";"articulo_pleno"
"Ciudad Real";479;"caz del";"d";"cas";"de"
"Ciudad Real";480;"ca'l";0;"ca";"no"
"Ciudad Real";481;"ca el";0;"ca";"articulo_pleno"
"Córdoba";500;"ca'l";0;"ca";"no"
"Córdoba";500;"ca el";0;"ca";"articulo_pleno"
"Córdoba";501;"ca el";0;"ca";"articulo_pleno"
"Córdoba";501;"ca'l";0;"ca";"no"
"Córdoba";502;"ca el";0;"ca";"articulo_pleno"
"Córdoba";503;"ca'l";0;"ca";"no"
"Córdoba";504;"ca'l";0;"ca";"no"
"Córdoba";505;"ca'l";0;"ca";"no"
"Córdoba";506;"ca'l";0;"ca";"no"
"Córdoba";507;"ca'l";0;"ca";"no"
"Jaén";508;"ca'l";0;"ca";"no"
"Jaén";509;"ca el";0;"ca";"articulo_pleno"
"Jaén";510;"ca el";0;"ca";"articulo_pleno"
"Jaén";511;"ca el";0;"ca";"articulo_pleno"
"Jaén";512;"ca el";0;"ca";"articulo_pleno"
"Jaén";513;"ca el";0;"ca";"articulo_pleno"
"Jaén";514;"ca el";0;"ca";"articulo_pleno"
"Jaén";514;"qu'el";0;"que";"no"
"Jaén";515;"ca el";0;"ca";"articulo_pleno"
"Jaén";516;"caz el";0;"cas";"articulo_pleno"
"Huelva";517;"ca'l";0;"ca";"no"
"Huelva";518;"ca'l";0;"ca";"no"
"Huelva";519;"ca'l";0;"ca";"no"
"Huelva";520;"ca'l";0;"ca";"no"
"Huelva";521;"ca'l";0;"ca";"no"
"Huelva";522;"ca'l";0;"ca";"no"
"Sevilla";523;"ca el";0;"ca";"articulo_pleno"
"Sevilla";524;"ca'l";0;"ca";"no"
"Sevilla";525;"ca'l";0;"ca";"no"
"Sevilla";526;"ca'l";0;"ca";"no"
"Sevilla";527;"ca'l";0;"ca";"no"
"Sevilla";528;"ca'l";0;"ca";"no"
"Sevilla";529;"ca'l";0;"ca";"no"
"Sevilla";530;"ca el";0;"ca";"articulo_pleno"
"Sevilla";530;"ca'l";0;"ca";"no"
"Sevilla";531;"ca'l";0;"ca";"no"
"Cádiz";532;"ca'l";0;"ca";"no"
"Cádiz";533;"ca'l";0;"ca";"no"
"Cádiz";534;"ca'l";0;"ca";"no"
"Cádiz";535;"ca'l";0;"ca";"no"
"Málaga";536;"ca el";0;"ca";"articulo_pleno"
"Málaga";536;"ca'l";0;"ca";"no"
"Málaga";537;"ca'l";0;"ca";"no"
"Málaga";538;"ca'l";0;"ca";"no"
"Málaga";539;"casa el";0;"casa";"articulo_pleno"
"Málaga";540;"ca el";0;"ca";"articulo_pleno"
"Málaga";541;"ca el";0;"ca";"articulo_pleno"
"Málaga";542;"casa el";0;"casa";"articulo_pleno"
"Málaga";543;"ca el";0;"ca";"articulo_pleno"
"Granada";544;"ca'l";0;"ca";"no"
"Granada";545;"ase'l";0;"as";"no"
"Granada";546;"ca el";0;"ca";"articulo_pleno"
"Granada";547;"ca el";0;"ca";"articulo_pleno"
"Granada";548;"caz el";0;"cas";"articulo_pleno"
"Granada";549;"caz (sin prep.)";;"cas";"no"
"Granada";550;"ca el";0;"ca";"articulo_pleno"
"Granada";551;"ca el";0;"ca";"articulo_pleno"
"Granada";552;"casa del";"d";"casa";"de"
"Asturias";378;"ca'l";0;"ca";"no"
"Asturias";379;"ca'l";0;"ca";"no"
"Asturias";380;"casa'l";0;"casa";"no"
"Asturias";381;"ca el";0;"ca";"articulo_pleno"
"Asturias";382;"ca'l";0;"ca";"no"
"La Coruña";100;"casa do";"d";"casa";"de"
"La Coruña";101;"casa do";"d";"casa";"de"
"La Coruña";102;"casa do";"d";"casa";"de"
"La Coruña";103;"casa do";"d";"casa";"de"
"La Coruña";104;"casa do";"d";"casa";"de"
"La Coruña";105;"casa do";"d";"casa";"de"
"La Coruña";106;"casa do";"d";"casa";"de"
"La Coruña";107;"casa do";"d";"casa";"de"
"La Coruña";108;"casa do";"d";"casa";"de"
"La Coruña";109;"casa do";"d";"casa";"de"
"La Coruña";110;"casa do";"d";"casa";"de"
"La Coruña";111;"casa do";"d";"casa";"de"
"La Coruña";1121;"casa do";"d";"casa";"de"
"La Coruña";112;"casa do";"d";"casa";"de"
"La Coruña";113;"casa do";"d";"casa";"de"
"Lugo";114;"casa do";"d";"casa";"de"
"Lugo";115;"casa do";"d";"casa";"de"
"Lugo";116;"casa do";"d";"casa";"de"
"Lugo";117;"casa do";"d";"casa";"de"
"Lugo";118;"casa do";"d";"casa";"de"
"Lugo";119;"casa do";"d";"casa";"de"
"Lugo";120;"casa do";"d";"casa";"de"
"Lugo";121;"casa do";"d";"casa";"de"
"Lugo";122;"casa do";"d";"casa";"de"
"Lugo";123;"casa do";"d";"casa";"de"
"Lugo";124;"casa do";"d";"casa";"de"
"Lugo";125;"casa do";"d";"casa";"de"
"Lugo";126;"casa do";"d";"casa";"de"
"Lugo";127;"casa do";"d";"casa";"de"
"Pontevedra";128;"casa do";"d";"casa";"de"
"Pontevedra";129;"casa do";"d";"casa";"de"
"Pontevedra";130;"casa do";"d";"casa";"de"
"Pontevedra";131;"casa do";"d";"casa";"de"
"Pontevedra";132;"casa do";"d";"casa";"de"
"Pontevedra";133;"casa do";"d";"casa";"de"
"Pontevedra";134;"casa do";"d";"casa";"de"
"Pontevedra";135;"casa do";"d";"casa";"de"
"Pontevedra";136;"casa do";"d";"casa";"de"
"Pontevedra";137;"casa do";"d";"casa";"de"
"Pontevedra";138;"casa do";"d";"casa";"de"
"Pontevedra";139;"casa do";"d";"casa";"de"
"Pontevedra";140;"casa do";"d";"casa";"de"
"Orense";141;"casa do";"d";"casa";"de"
"Orense";142;"casa do";"d";"casa";"de"
"Orense";143;"casa do";"d";"casa";"de"
"Orense";144;"casa do";"d";"casa";"de"
"Orense";145;"casa do";"d";"casa";"de"
"Orense";146;"casa do";"d";"casa";"de"
"Orense";147;"casa do";"d";"casa";"de"
"Orense";148;"casa do";"d";"casa";"de"
"Orense";149;"casa do";"d";"casa";"de"
"Orense";150;"casa do";"d";"casa";"de"
"Orense";151;"casa do";"d";"casa";"de"
"Viana do Castelo";200;"casa du";"d";"casa";"de"
"Viana do Castelo";201;"casa du";"d";"casa";"de"
"Viana do Castelo";202;"casa du";"d";"casa";"de"
"Viana do Castelo";203;"casa du";"d";"casa";"de"
"Viana do Castelo";204;"casa du";"d";"casa";"de"
"Braga";205;"casa du";"d";"casa";"de"
"Braga";206;"casa du";"d";"casa";"de"
"Braga";207;"casa du";"d";"casa";"de"
"Braga";208;"casa du";"d";"casa";"de"
"Braga";209;"casa du";"d";"casa";"de"
"Braga";210;"casa du";"d";"casa";"de"
"Braga";211;"casa du";"d";"casa";"de"
"Porto";212;"casa du";"d";"casa";"de"
"Porto";213;"casa du";"d";"casa";"de"
"Porto";214;"cas du";"d";"cas";"de"
"Porto";215;"casa du";"d";"casa";"de"
"Porto";216;"casa du";"d";"casa";"de"
"Vila Real";217;"casa du";"d";"casa";"de"
"Vila Real";218;"casa du";"d";"casa";"de"
"Vila Real";219;"casa du";"d";"casa";"de"
"Bragança";220;"casa du";"d";"casa";"de"
"Bragança";221;"cas dal";"d";"cas";"de"
"Bragança";222;"casa du";"d";"casa";"de"
"Bragança";223;"cas du";"d";"cas";"de"
"Bragança";224;"cas du";"d";"cas";"de"
"Bragança";225;"cas del";"d";"cas";"de"
"Bragança";226;"casa du";"d";"casa";"de"
"Bragança";227;"cas du";"d";"cas";"de"
"Bragança";228;"casa du";"d";"casa";"de"
"Guarda";229;"casa du";"d";"casa";"de"
"Guarda";230;"casa du";"d";"casa";"de"
"Guarda";231;"casa du";"d";"casa";"de"
"Guarda";232;"cas du";"d";"cas";"de"
"Guarda";233;"casa du";"d";"casa";"de"
"Guarda";234;"casa du";"d";"casa";"de"
"Viseu";235;"casa du";"d";"casa";"de"
"Viseu";236;"casa du";"d";"casa";"de"
"Viseu";237;"casa du";"d";"casa";"de"
"Viseu";238;"casa du";"d";"casa";"de"
"Viseu";239;"casa du";"d";"casa";"de"
"Viseu";240;"casa du";"d";"casa";"de"
"Aveiro";241;"casa du";"d";"casa";"de"
"Aveiro";242;"casa du";"d";"casa";"de"
"Aveiro";243;"casa du";"d";"casa";"de"
"Coimbra";244;"casa du";"d";"casa";"de"
"Coimbra";245;"casa du";"d";"casa";"de"
"Coimbra";246;"casa du";"d";"casa";"de"
"Coimbra";247;"casa du";"d";"casa";"de"
"Coimbra";248;"casa du";"d";"casa";"de"
"Castelo Branco";249;"casa du";"d";"casa";"de"
"Castelo Branco";250;"casa du";"d";"casa";"de"
"Castelo Branco";251;"casa du";"d";"casa";"de"
"Castelo Branco";252;"casa du";"d";"casa";"de"
"Castelo Branco";253;"casa du";"d";"casa";"de"
"Castelo Branco";254;"casa du";"d";"casa";"de"
"Leiria";255;"casa du";"d";"casa";"de"
"Leiria";256;"casa du";"d";"casa";"de"
"Leiria";257;"casa du";"d";"casa";"de"
"Leiria";258;"casa du";"d";"casa";"de"
"Santarem";259;"casa du";"d";"casa";"de"
"Santarem";260;"casa du";"d";"casa";"de"
"Santarem";261;"casa du";"d";"casa";"de"
"Santarem";262;"casa du";"d";"casa";"de"
"Santarem";263;"casa du";"d";"casa";"de"
"Santarem";264;"casa du";"d";"casa";"de"
"Santarem";265;"casa du";"d";"casa";"de"
"Portalegre";266;"casa du";"d";"casa";"de"
"Portalegre";267;"casa du";"d";"casa";"de"
"Portalegre";268;"casa du";"d";"casa";"de"
"Portalegre";269;"casa du";"d";"casa";"de"
"Portalegre";270;"casa du";"d";"casa";"de"
"Portalegre";271;"casa du";"d";"casa";"de"
"Lisboa";272;"casa du";"d";"casa";"de"
"Lisboa";273;"casa du";"d";"casa";"de"
"Lisboa";274;"casa du";"d";"casa";"de"
"Lisboa";275;"casa du";"d";"casa";"de"
"Setúbal";276;"casa du";"d";"casa";"de"
"Setúbal";277;"casa du";"d";"casa";"de"
"Setúbal";278;"casa du";"d";"casa";"de"
"Évora";279;"casa du";"d";"casa";"de"
"Évora";280;"casa du";"d";"casa";"de"
"Beja";281;"casa du";"d";"casa";"de"
"Beja";282;"casa du";"d";"casa";"de"
"Beja";283;"casa du";"d";"casa";"de"
"Beja";284;"casa du";"d";"casa";"de"
"Beja";285;"casa du";"d";"casa";"de"
"Beja";286;"casa du";"d";"casa";"de"
"Faro";287;"casa du";"d";"casa";"de"
"Faro";288;"casa du";"d";"casa";"de"
"Faro";289;"casa du";"d";"casa";"de"
"Faro";290;"casa du";"d";"casa";"de"
"Faro";291;"casa du";"d";"casa";"de"
"Faro";292;"casa du";"d";"casa";"de"
"Évora";293;"casa du";"d";"casa";"de"
"Vizcaya";428;"casa del maestro";"d";"casa";"de"
"Álava";429;"casa el";0;"casa";"articulo_pleno"
"Álava";430;"casa el maistro";0;"casa";"articulo_pleno"
"Álava";431;"casa del maestro";"d";"casa";"de"
"Álava";432;"casa del maistro";"d";"casa";"de"
"La Rioja";433;"casa del maestro";"d";"casa";"de"
"La Rioja";434;"casa el maistro";0;"casa";"articulo_pleno"
"Albacete";482;"ca el maestro";0;"ca";"articulo_pleno"
"Albacete";483;"ca el maestro";0;"ca";"articulo_pleno"
"Albacete";484;"ca el maestro";0;"ca";"articulo_pleno"
"Albacete";485;"ca el maestro";0;"ca";"articulo_pleno"
"Albacete";486;"cas del maestro";"d-";"cas";"de"
"Albacete";487;"ca el maestro";0;"ca";"articulo_pleno"
"Albacete";488;"ca el maestro";0;"ca";"articulo_pleno"
"Albacete";488;"ca'l maestro";0;"ca";"no"
"Albacete";489;"ca el maestro";0;"ca";"articulo_pleno"
"Almería";553;"ca el maestro";0;"ca";"articulo_pleno"
"Almería";554;"ca el maestro";0;"ca";"articulo_pleno"
"Almería";555;"ca el maestro";0;"ca";"articulo_pleno"
"Almería";556;"ca'l maestro";0;"ca";"no"
"Almería";557;"ca el maestro";0;"ca";"articulo_pleno"
"Almería";558;"ca'l maestro";0;"ca";"no"
"Almería";559;"ca el maestro";0;"ca";"articulo_pleno"
"Almería";560;"ca el maestro";0;"ca";"articulo_pleno"
"Murcia";561;"car del maestro";"d";"cas";"de"
"Murcia";562;"ca el maestro";0;"ca";"articulo_pleno"
"Murcia";563;"ca el maestro";0;"ca";"articulo_pleno"
"Murcia";564;"cas mestre (sin prep.)";;"cas";"no"
"Murcia";565;"ca el maestro";0;"ca";"articulo_pleno"
"Murcia";566;"ca el maestro";0;"ca";"articulo_pleno"
"Murcia";567;"ca el maestro";0;"ca";"articulo_pleno"
"Murcia";568;"ca el maestro";0;"ca";"articulo_pleno"
"Murcia";569;;;"NA";"NA"
"Murcia";570;"ca maestro (sin prep.)";;"ca";"no"
"Navarra";600;"casa del maestro";"d";"casa";"de"
"Navarra";601;"casa el maistro";0;"casa";"articulo_pleno"
"Navarra";602;"casa el maistro";0;"casa";"articulo_pleno"
"Navarra";603;"casa del maestro";"d";"casa";"de"
"Navarra";604;"casa del maestro";"d";"casa";"de"
"Huesca";605;"casa o maestro";0;"casa";"articulo_pleno"
"Huesca";606;"casa do maestro";"d";"casa";"de"
"Huesca";607;"casa de lo";"d";"casa";"de"
"Huesca";608;"casa el maestro";0;"casa";"articulo_pleno"
"Huesca";609;"casa del maestro";"d";"casa";"de"
"Huesca";610;"casa do maestro";"d";"casa";"de"
"Huesca";611;"casa do maestro";"d";"casa";"de"
"Huesca";612;"casa del maestro";"d";"casa";"de"
"Huesca";613;"casa del maestro";"d";"casa";"de"
"Huesca";614;"casa del mestre";"d";"casa";"de"
"Huesca";615;"casa el maestro";0;"casa";"articulo_pleno"
"Huesca";616;"casa el maestro";0;"casa";"articulo_pleno"
"Huesca";617;"casa del maestro";"d";"casa";"de"
"Huesca";617;"casa el maestro";0;"casa";"articulo_pleno"
"Zaragoza";618;"casa del maistro";"d";"casa";"de"
"Zaragoza";619;"casa el maistro";0;"casa";"articulo_pleno"
"Zaragoza";620;"casa el maistro";0;"casa";"articulo_pleno"
"Zaragoza";621;"casa el maistro";0;"casa";"articulo_pleno"
"Zaragoza";622;"casa el maistro";0;"casa";"articulo_pleno"
"Zaragoza";623;"casa del maistro";"d";"casa";"de"
"Zaragoza";624;"ca el maestro";0;"ca";"articulo_pleno"
"Zaragoza";625;"casa del maistro";"d";"casa";"de"
"Zaragoza";626;"casa'l maestro";0;"casa";"no"
"Zaragoza";627;"casa del maistro";"d";"casa";"de"
"Zaragoza";628;"ca'l señó";0;"ca";"no"
"Zaragoza";629;"ca'l maestro";0;"ca";"no"
"Teruel";630;"casa el mestro";0;"casa";"articulo_pleno"
"Teruel";631;"casa del maestro";"d";"casa";"de"
"Teruel";632;"casa del maestro";"d-";"casa";"de"
"Teruel";633;"casa del maestre";"d";"casa";"de"
"Teruel";634;"casa del maestre";"d";"casa";"de"
"Teruel";635;"ca el señor";0;"ca";"articulo_pleno"
"Teruel";636;"casa el maestro";0;"casa";"articulo_pleno"
"Teruel";637;"casa del maestro";"d";"casa";"de"
"Teruel";638;"casa del señor";"d";"casa";"de"
"Teruel";639;"casa del";"d";"casa";"de"
"Huesca";699;"FALTA";;"NA";"NA"
"Andorra";700;"ca'l señó";0;"ca";"no"
"Pirineos Orientales";701;"case del mestre";"d";"casa";"de"
"Pirineos Orientales";702;"case del mestre";"d";"casa";"de"
"Pirineos Orientales";703;"case del mestre";"d";"casa";"de"
"Pirineos Orientales";704;"case del mestre";"d";"casa";"de"
"Pirineos Orientales";705;"ca'l maestro";0;"ca";"no"
"Pirineos Orientales";706;"ca'l mestre";0;"ca";"no"
"Pirineos Orientales";707;"ca'l mestre";0;"ca";"no"
"Lérida";708;"casa del ";"d";"casa";"de"
"Lérida";709;"cas del mestre";"d";"cas";"de"
"Lérida";710;"ca del mestre";"d+";"ca";"de"
"Lérida";711;"casa del señor";"d";"casa";"de"
"Lérida";712;"ca del mestre";"d";"ca";"de"
"Lérida";713;"case al señor";"(otra prep.)";"casa";"raro"
"Lérida";714;"ca'l señó";0;"ca";"no"
"Lérida";715;"case del mestre";"d+";"casa";"de"
"Lérida";716;"ca'l mestre";0;"ca";"no"
"Lérida";717;"casa'l siñó";0;"casa";"no"
"Lérida";718;"(vai al señó mestre)";;"otros";"NA"
"Lérida";719;"ca'l señó";0;"ca";"no"
"Lérida";720;"ca'l mestre";0;"ca";"no"
"Lérida";721;"casa'l señó";0;"casa";"no"
"Gerona";722;"casa'l mestre";0;"casa";"no"
"Gerona";723;"cas el señó";0;"casa";"no"
"Gerona";724;"case del señó";"d";"casa";"de"
"Gerona";725;"case del señó";"d";"casa";"de"
"Gerona";726;"case des mestre";"d";"casa";"de"
"Gerona";727;"case del mestre";"d";"casa";"de"
"Gerona";728;"ca'l señó";0;"ca";"no"
"Gerona";729;"ca'l mestre";0;"ca";"no"
"Gerona";730;"ca'l mestre";0;"ca";"no"
"Gerona";731;"ca'l mestre";0;"ca";"no"
"Barcelona";732;"(vas)";;"otros";"NA"
"Barcelona";733;"cas el";0;"casa";"no"
"Barcelona";734;"ca'l";0;"ca";"no"
"Barcelona";735;"ca'l";0;"ca";"no"
"Barcelona";736;"ca'l";0;"ca";"no"
"Barcelona";737;"ca'l";0;"ca";"no"
"Barcelona";738;"ca'l";0;"ca";"no"
"Barcelona";739;"ca'l";0;"ca";"no"
"Barcelona";740;"ca'l";0;"ca";"no"
"Tarragona";741;"ca'l mestre";0;"ca";"no"
"Tarragona";742;"ca'l";0;"ca";"no"
"Tarragona";743;"ca'l";0;"ca";"no"
"Tarragona";744;"ca'l";0;"ca";"no"
"Tarragona";745;"ca'l";0;"ca";"no"
"Tarragona";746;"ca'l";0;"ca";"no"
"Tarragona";747;"casa'l";0;"casa";"no"
"Tarragona";748;"ca'l";0;"ca";"no"
"Tarragona";749;"casa'l";0;"casa";"no"
"Castellón";750;"ca'l mestre";0;"ca";"no"
"Castellón";751;"FALTA";;"NA";"NA"
"Castellón";752;"FALTA";;"NA";"NA"
"Castellón";753;"ca'l";0;"ca";"no"
"Castellón";754;"FALTA";;"NA";"NA"
"Castellón";755;"casa el";0;"casa";"articulo_pleno"
"Castellón";756;"casa el";0;"casa";"articulo_pleno"
"Castellón";757;"FALTA";;"NA";"NA"
"Castellón";758;"FALTA";;"NA";"NA"
"Castellón";759;"ca el mestro";0;"ca";"articulo_pleno"
"Castellón";760;"ca el";0;"ca";"articulo_pleno"
"Castellón";761;"cas el";0;"casa";"no"
"Castellón";762;"ca'l";0;"ca";"no"
"Valencia";763;"ca el";0;"ca";"articulo_pleno"
"Valencia";764;"ca'l";0;"ca";"no"
"Valencia";765;"ca'l";0;"ca";"no"
"Valencia";766;"ca'l";0;"ca";"no"
"Valencia";767;"ca el";0;"ca";"articulo_pleno"
"Valencia";768;"ca el";0;"ca";"articulo_pleno"
"Valencia";769;"ca'l";0;"ca";"no"
"Valencia";770;"ca'l";0;"ca";"no"
"Valencia";771;"ca el";0;"ca";"articulo_pleno"
"Valencia";772;"ca'l";0;"ca";"no"
"Valencia";773;"ca'l";0;"ca";"no"
"Valencia";774;"ca el";0;"ca";"articulo_pleno"
"Valencia";775;"ca'l";0;"ca";"no"
"Valencia";776;"casa el";0;"casa";"articulo_pleno"
"Valencia";777;"ca'l";0;"ca";"no"
"Valencia";778;"ca'l";0;"ca";"no"
"Valencia";779;"ca'l";0;"ca";"no"
"Valencia";780;"ca'l";0;"ca";"no"
"Alicante";781;"ca'l";0;"ca";"no"
"Alicante";782;"casa'l";0;"casa";"no"
"Alicante";783;"ca'l";0;"ca";"no"
"Alicante";784;"ca'l";0;"ca";"no"
"Alicante";785;"ca'l";0;"ca";"no"
"Alicante";786;"ca el";0;"ca";"articulo_pleno"
"Alicante";787;"ca'l";0;"ca";"no"
"Alicante";788;"ca'l";0;"ca";"no"
"Alicante";789;"ca el";0;"ca";"articulo_pleno"
"Alicante";790;"ca'l";0;"ca";"no"
"Islas Baleares";791;"cas mestre (sin prep.)";;"ca";"no"
"Islas Baleares";792;"cas mestre (sin prep.)";;"ca";"no"
"Islas Baleares";793;"cas mestre (sin prep.)";;"ca";"no"
"Islas Baleares";794;"cas mestre (sin prep.)";;"ca";"no"
"Islas Baleares";795;"ques mestre (sin prep.)";;"ca";"no"
"Islas Baleares";796;"ques mestre (sin prep.)";;"ca";"no"
"Islas Baleares";797;"cas mestre (sin prep.)";;"ca";"no"
"Islas Baleares";798;"cas mestre (sin prep.)";;"ca";"no"
"Islas Baleares";799;"cas mestre (sin prep.)";;"ca";"no"
"Islas Baleares";800;;;"NA";"NA"
"Islas Baleares";801;"cas mestre (sin prep.)";;"ca";"no"
"Islas Baleares";802;"cas mestre (sin prep.)";;"ca";"no"
"Islas Baleares";803;"cas mestre (sin prep.)";;"ca";"no"
"Cuenca";470;"ca el maestro";0;"ca";"articulo_pleno"
"Cuenca";471;"casa el maestro";0;"casa";"articulo_pleno"
"Cuenca";472;"ca el maestro";0;"ca";"articulo_pleno"
"Cuenca";473;"ca el maestro";0;"ca";"articulo_pleno"
"Cuenca";474;"car del maestro";"d";"cas";"de"
"Burgos";420;"casa el maistro";"d";"casa";"articulo_pleno"
"Burgos";421;"ca'l maestro";"d";"ca";"no"
"Burgos";422;"ca'l maestro";"d";"ca";"no"
"Burgos";423;"casa el maistro";"d";"casa";"articulo_pleno"
"Burgos";424;"casa el maistro";"d";"casa";"articulo_pleno"
"Burgos";425;"ca el maestro";"d";"ca";"articulo_pleno"
"Burgos";426;"ca'l maistro";"d";"ca";"no"
"Burgos";427;"ca'l maestro";"d";"ca";"no"
