CORPUS;Idtotal;tablaID;Texto;Prep_anterior;Forma_casa;Prep_posterior;Verbo;Tipo_observacion;Autor;Fecha;Fecha_procesada;Indicacion_fecha;Pais;Cordemaforo
CDH;363;42;"el Sr. Alcalde del Río. / Tengo seguridad que de haber parado mientes en este punto lo hubiera tocado con destreza echando un granito de especia a las de semejante catadura: / ""Braga ruin y rota / toda remendada En ca roñosuru / mos dieron un duru; /  En ca de mi güelo / mos dieron un huevo. / Juera de gurriona, / juera de miruella, / un huevo mos dieron / mi güelo y mi güela"". / que sin ser halagadoras";en;ca;no;estado;Oralidad popular;Adriano García-Lomas;1928;1928;exacta;ESPAÑA;
CDH;364;43;"seguridad que de haber parado mientes en este punto lo hubiera tocado con destreza echando un granito de especia a las de semejante catadura: / ""Braga ruin y rota / toda remendada /  / En ca roñosuru / mos dieron un duru; En ca de mi güelo / mos dieron un huevo. / Juera de gurriona, / juera de miruella, / un huevo mos dieron / mi güelo y mi güela"". / que sin ser halagadoras y recatadas como aquellas tienen el distintivo mordiente";en;ca;de;estado;Oralidad popular;Adriano García-Lomas;1928;1928;exacta;ESPAÑA;
CORDE;121;128;ando llegue el embargo a buscar lo que posseo, en cas de vn Esgrimidor nunca sobraron talegos. Todo mi **;en;cas;de;estado;ambiguo;Alonso de Castillo Solórzano;1624;1624;exacta;ESPAÑA;
CORDE;122;129;son vna terrible ofensa que siempre el alma publica, un juego siempre pica, Garduña en vn gallinero, pedrada en cas de vidriero, mona encerrada en botica. Son (siend **;en;cas;de;estado;ambiguo;Alonso de Castillo Solórzano;1624;1624;exacta;ESPAÑA;
CORDE;123;130;son el humo del pimiento que a las narizes enoja, ayre en cas de vn batioja, y duende en Mongil Conuento. Epitafio al cauallo Babieca.;en;cas;de;estado;ambiguo;Alonso de Castillo Solórzano;1624;1624;exacta;ESPAÑA;
CORDE;118;125;illancico P. QVien os lleua dessa suerte Maria en cas de Simon? R. Voy à dar à Dios la vncion, por verl **;en;cas;de;movimiento;Mímesis oralidad;Alonso de Ledesma;1600 - 1612;1606;exacta;ESPAÑA;
CORDE;88;95;e la Tristeza Fuese con ella á yantar: Llevóme en cas de la Pena A su gran casa real, Donde estaba una **;en;cas;de;movimiento;Oralidad popular;Alonso de Sayala;a 1600;1600;ante;ESPAÑA;
CORDE;210;219;"lto sauedor; tomaron luego al * Señor, lleuaronlo cas de Anás, de los suyos ya no ay más sy no Juan e y **";no;cas;de;movimiento;Mímesis oralidad;Alonso del  Campo;1486 - 1499;1492;exacta;ESPAÑA;
CORDE;211;220;que moro - doss martillos de hierro, el vno es de cas de el señor Joan Lopes - vn brasero mediado de hi **;de;cas;de;procedencia;Mímesis oralidad;Alonso del  Campo;1486 - 1499;1492;exacta;ESPAÑA;
CDH;386;55;ya quarenta años y que no sois muchacho. Yo quedo aquí en monterrey que soy corregidor en este estado a despesar de todos y de Juan [abreviatura de un apellido ininteligible] y aviendo lugar quisiera os llegaredes a ca santiaguillo... os besa las manos y asido quedo  (sic)   oy 13 de Octubre deseando tu bien.– Alonso Pisador.»;a;ca;no;movimiento;no marcado;Alonso Pisador;1550;1550;exacta;ESPAÑA;
CDH;343;14;que a mil otras se aventaja. /  /  Digo en brindar sin ocasión ni causa, / y aún por el tanto no lo tengo a mucho / que en cada palabrilla haga una pausa. /  / Muélenme tras las pausas quando escucho / ( en ca de tal nos ívamos) notorio / lenguaje de Minguilla y de Perucho. /  / Miente quando despliega su avalorio, / que no tiene más quarto de Guevara / que los quartos que vió en el ayre Osorio. /  / Sobre su;en;ca;de;movimiento;Metalingüístico;Andrés de Rey de Artieda;1605;1605;exacta;ESPAÑA;
CORDE;8;12; las quales sean tres en el arraval e una al pilar eotra a San Gines e otra en San Salvador e otra en cas de Juan Garçia, azeitero, e que porrna por sus co **;en;cas;de;estado;Mímesis oralidad;Anónimo_1;1493 - 1497;1495;exacta;ESPAÑA;
CORDE;62;67;cen, y por no pensarlo bien, se van despeñando en cas de todos los diablos. Rector. Este tiene gran nec **;en;cas;de;estado;Mímesis oralidad;Anónimo_10;c 1611;1611;circa;ESPAÑA;
CORDE;81;88;Siguen á Estéban y llegan Con el paso acelerado A cas del Gobernador Los tres, sin pensar el caso. Lleg **;a;cas;de;movimiento;Oralidad popular;Anónimo_11;p 1822;1822;post;ESPAÑA;
CORDE;82;89; amigos le echan ménos, Y procurando buscarle, En cas la judía fuéron, Y preguntando por él, Les dice:- **;en;cas;no;movimiento;Oralidad popular;Anónimo_11;p 1822;1822;post;ESPAÑA;
CORDE;83;90;go en anocheciendo Lo llevan, que ansí cumplia, A cas Don Alonso de Zúñiga, Los frailes en compañía, Y **;a;cas;no;movimiento;Oralidad popular;Anónimo_13;1693;1693;exacta;ESPAÑA;
CORDE;85;92;"da; Vaya á barrer la muy puerca Los cuartos de en cas su ama, No los de esa faldriquera. Inesa dijo fur **";de en;cas;de;relacional;Oralidad popular;Anónimo_14;1654;1654;exacta;ESPAÑA;
CORDE;87;94;po licencia, Y en lugar de volver luego, Fuése en cas de la maestra, Do vido estar muchas niñas Sacando **;en;cas;de;movimiento;Oralidad popular;Anónimo_15;1591;1591;exacta;ESPAÑA;
CORDE;105;112;" vieni con grandi peni; Esti el conviti famosi De cas de Simon Liprosi, Que fuí conviti de ver, Porque **";de;cas;de;relacional;ambiguo;Anónimo_16;1662;1662;exacta;ESPAÑA;
CORDE;146;153; no os encuentre el duende Y os coma el coco. En cas de mi padre conocí yo a otro, que me revelaba los **;en;cas;de;estado;Oralidad popular;Anónimo_17;a 1595;1595;ante;ESPAÑA;
CORDE;165;172; más hueca que un pavo real. A servir me puse en cas de un marqués de estos que lo tienen y lo saben s **;en;cas;de;estado;Mímesis oralidad;Anónimo_18;1778;1778;exacta;ESPAÑA;
CORDE;179;188;"CELIMO Mis tripas. ZORAIDA ¿Qué tienen?  Que las mayores quieren comerse a las chicas; en cas de un barbero pueden pasar plaza de bacías,que al más diestro cazador le sirvieran de pretina. ";en;cas;de;estado;Mímesis oralidad;Anónimo_19;1662;1662;exacta;ESPAÑA;
CORDE;9;13; a tenia sobrel matadero / por ninguno, questa era cas de Heredia /, pues le hizo nuevo la Villa. Y quel **;no;cas;de;otro;Mímesis oralidad;Anónimo_1;1493 - 1497;1495;exacta;ESPAÑA;
CORDE;197;206;"ín, * luego rebuelven un caldo; claro está que en cas del ruin nunca dan buen aguinaldo. Yo é servido a **";en;cas;de;estado;Refrán;Anónimo_20;c 1535;1535;circa;ESPAÑA;
CORDE;198;207;'embía. Pandulfo En barrio de San Martín mora, en cas de una su tía. Coristán ¿Quieres dezir díxote que **;en;cas;de;estado;Mímesis oralidad;Anónimo_20;c 1535;1535;circa;ESPAÑA;
CDH;272;5;"Estribillo: Caramba qué perra / tiene la Isabel; / pasé por su puerta, / y me quiso morder. / La agarré del rabo, / la llevé an cá el juez, / que pague la pena / que sea menester.";an;ca;no;movimiento;Oralidad popular;Anónimo_21;a1964;1964;ante;ESPAÑA;
CDH;338;71;"No vienes cansado de rondar la villa, y olé; vienes de cenar den cá de tu amiga, vienes de cenar den cá de tu amiga.";den;ca;de;procedencia;Oralidad popular;Anónimo_2;a1964;1964;ante;ESPAÑA;
CDH;339;72;"No vienes cansado de rondar la villa, y olé; vienes de cenar den cá de tu amiga, vienes de cenar den cá de tu amiga.";den;ca;de;procedencia;Oralidad popular;Anónimo_22;a1964;1964;ante;ESPAÑA;
CORDE;10;14;" nçejo un pedaço de tierra en el Boquerón çerca de cas de Alonso Sánchez; e dióle el conçejo a él una lo **";cerca de;cas;de;adverbio;no marcado;Anónimo_3;1450 - 1491;1470;exacta;ESPAÑA;
CORDE;11;15; a de Martín Garçía, cabe las eras de Varajas tras cas de Juan Lázaro. Testigos que lo fueron a ver apre **;tras;cas;de;adverbio;no marcado;Anónimo_3;1450 - 1491;1470;exacta;ESPAÑA;
CORDE;84;91;e espuma, Cuando mas seguro esté Caiga un rayo en cas del cura. (Romancero general). 1723. (Anónimo). Q **;en;cas;de;ambiguo;Oralidad popular;Anónimo_5;1600 - 1604;1602;exacta;ESPAÑA;
CORDE;156;163;rado, fue desí adelant Buçifal alabado. Falló en cas del padre messageros de Dario que venián demandar **;en;cas;de;estado;no marcado;Anónimo_6;1240 - 1250;1245;rojo;ESPAÑA;Rojo (testimonio 1451-1475 circa)
CORDE;5;9; l tiempo sobredicho. 211 De mancebo que saylle de cas de su seynnor. Todo basayllo que saylliere de cas **;de;cas;de;procedencia;no marcado;Anónimo_7;c 1250;1250;rojo;ESPAÑA;Rojo (testimonio: 1451-1500)
CORDE;6;10; deuen esperar los enplazados a sus contendores en cas del rrey esperar dezimos que deuen los que sson e **;en;cas;de;estado;no marcado;Anónimo_8;a 1260;1260;rojo;ESPAÑA;Rojo (testimonio, 1371 ad quem)
CORDE;7;11; ella mugier, e que ioguiera toda aquella noche en cas de Pedro Peláez, el auogado, la porta zarrada con **;en;cas;de;estado;Mímesis oralidad;Anónimo_9;1270;1270;exacta;ESPAÑA;No sale (documentos: verde)
CORDE;124;131;I Anton de moros contra Gonçalo Davila Estando en cas del infante, porfiavan qu'era un aguila en trobar **;en;cas;de;estado;no marcado;Antón de Moros;c 1450;1450;ambar;ESPAÑA;Amarillo (testimonio: ¿1450-1500?)
CORDE;130;137;combite el recado y aparejada la cena, Lleuome en cas dela pena, donde vi el desseo assentado. Estaua **;en;cas;de;movimiento;Oralidad popular;Antonio Ruiz de Santillana;c 1550 - c 1570;1560;circa;ESPAÑA;
CORDE;169;177;sabed que hasta aquí será la quarta jornada. D'en cas de su namorada donde está, muy glorioso saldrá Fl **;de en;cas;de;procedencia;Mímesis oralidad;Bartolomé de Torres Naharro;a 1520;1520;ante;ESPAÑA;
CORDE;170;178;i no me llevas un día, no digo a la putería mas a cas del enemigo. JUSQUINO De servirte si me obligo ¿y **;en;cas;de;estado;Mímesis oralidad;Bartolomé de Torres Naharro;a 1520;1520;ante;ESPAÑA;
CORDE;171;179;ecia. BARRABÁS Yo no sé de más de dos qu'están en cas de Lucrecia. MATHÍA Ansí es, y el Canavario otros **;en;cas;de;estado;Mímesis oralidad;Bartolomé de Torres Naharro;1517;1517;exacta;ESPAÑA;
CORDE;172;180;Ven acá, di, ¿sabrías tú quiçá por alguna vía diestra buscar ombres por allá que passassen en la muestra? TRISTÁN Sí, señor, en cas del Embaxador y d'otros, sé más de ciento. Y en c **;en;cas;de;estado;Mímesis oralidad;Bartolomé de Torres Naharro;1517;1517;exacta;ESPAÑA;
CORDE;173;181;Ven acá, di, ¿sabrías tú quiçá por alguna vía diestra buscar ombres por allá que passassen en la muestra? TRISTÁN Sí, señor, en cas del Embaxador y d'otros, sé más de ciento. Y en cas de Oristán mejor, y Sancta Cruz y Sorrento. Luego **;en;cas;de;estado;Mímesis oralidad;Bartolomé de Torres Naharro;1517;1517;exacta;ESPAÑA;
CORDE;174;182;ÇA Y ellos dos ¿adónde están? ATAMBOR Comiendo en cas d'un amigo. MENDOÇA Pues, verás, si por aquí tard **;en;cas;de;estado;Mímesis oralidad;Bartolomé de Torres Naharro;1517;1517;exacta;ESPAÑA;
CORDE;175;183;ra comadre, qu'es razón, pues la saqué también de cas de su padre. Dos, si quieres, bastan a nuestros p **;de;cas;de;procedencia;Mímesis oralidad;Bartolomé de Torres Naharro;1517;1517;exacta;ESPAÑA;
CORDE;176;184;"e llegue acá, qu'es menos inconveniente; yo voy a cas de un pariente, no sé qué diz que me quiere. Di q **";a;cas;de;movimiento;Mímesis oralidad;Bartolomé de Torres Naharro;1517;1517;exacta;ESPAÑA;
CORDE;71;77;"Ten. Par Dios que vengo muerto cansado pensando  que ya erades todos venidos. Hon. Otro pareces con esos vestidos; agora te digo que me has agradado. ¿Por qué te veniste así desgreñado, en guar de pendarte en cas de tu tia? Ten. A la he, padre, la gaita chirría. **";en;cas;de;estado;Mímesis oralidad popular;Bartolomé José Gallardo;a 1852;1852;ante;ESPAÑA;
CORDE;72;78;endo placer, y en la mañana, por mas no te ver, a cas dell Abad se vaya huyendo. H. A vos el Gaitero d **;a;cas;de;movimiento;Mímesis oralidad popular;Bartolomé José Gallardo;a 1852;1852;ante;ESPAÑA;
CORDE;141;148;a mano fuertemente, y no le he de soltar hasta en cas' de mi madre lo encerrar. Ruégovos, oh doncellas **;en;cas;de;estado;no marcado;Benito Arias Montano;c 1554;1554;circa;ESPAÑA;
CORDE;16;21; quien tiene usted toda la noche jugando al mus en cas del Comadreja, Mediodía Chica. ¿Conoce la señora **;en;cas;de;estado;Mímesis oralidad popular;Benito Pérez Galdós;1897;1897;exacta;ESPAÑA;
CDH;274;7;¡Cachiporros! —exclamó la harpía alzando los brazos, cerrando los puños, y dirigiéndose a algunos hombres que la rodeaban—. ¿Pa qué estáis aquí? ¿No vos quieren dar cartuchos? Pues iz ca el regidor y sacárselos de las asaúras. ¡Él los tiene escondíos! Él los tiene enterraos en paquetes pa dárselos a los franceses.;no;ca;no;movimiento;Mímesis oralidad popular;Benito Pérez Galdós;1874;1874;exacta;ESPAÑA;
CDH;347;24;— Jeñores: denque los güenos españoles golvimos en sí, y vimos quese menistro de los dimonios tenía vendío el reino a Napolión, risolvimos ir en ca el palacio de su sacarreal majestad pa icirle cómo estemos cansaos de que nos gobierne como nos está gobernando, y que naa más sino que nos han de poner  al Príncipe de Asturias,;en;ca;no;movimiento;Mímesis oralidad popular;Benito Pérez Galdós;1873;1873;exacta;ESPAÑA;
CDH;348;25;"determinaron poner en salvo con todo miramiento y consideración a la infeliz princesa; lo cierto fue, que lejos de maltratarla de obra o de palabra, sacáronla de la casa, y puesta en una berlina fue llevada en ca el palacio de los reyes, como decía Pujitos, quien sin que nadie se lo ordenara, se encargó de tan caballeresca comisión.";en;ca;no;movimiento;Mímesis oralidad popular;Benito Pérez Galdós;1873;1873;exacta;ESPAÑA;
CDH;349;26;— ¡Duquesitas a mí! —exclamó Ignacia haciendo un gesto aterrador con su derecha mano—. Si es la señora que usía nombró anoche... ya, ya la conozco bien. Hace dos años solía ir en ca la Primorosa con otra amiguita suya, condesa o no sé qué, alta y morena, y con la Pepilla González, comicastra del treato del  Príncipe. ¡Pues no armaban mal jaleo entre las;en;ca;no;movimiento;Mímesis oralidad popular;Benito Pérez Galdós;1874;1874;exacta;ESPAÑA;
CDH;350;27;ha traído Vd. a esta casa, y a la de la Pelumbres y de la Primorosa —añadió Ignacia—. Toas semos unas, y no lo igo por esa duquesa con quien fue hace dos noches en ca la Pelumbres. Alifonsa, ¿sabes quién es? ¿Te acuerdas de aquella duquesilla amojamada, que parece un almacén de huesos? Si D. Juan la trae por aquí, pondremos una fábrica de botones.;en;ca;no;movimiento;Mímesis oralidad popular;Benito Pérez Galdós;1874;1874;exacta;ESPAÑA;
CDH;351;28;— Vengo de en ca Bicerra... ¿Ustés me recibieron? Pues él tampoco... el muy soplao, el muy... La culpa tengo yo que me rebajo a endividos tan... disinificantes.;en;ca;no;movimiento;Mímesis oralidad popular;Benito Pérez Galdós;1885-1887;1886;exacta;ESPAÑA;
CDH;352;30;la Burlada despidiéndose—. ¿No va usted hoy al punto? Yo sí... porque aunque poco se gana, allí tiene una su arreglo. Ahora me dan todas las tardes un buen platao de comida en ca el señor banquero, que vive mismamente de cara a la entrada por la calle de las Huertas, y vivo como una canóniga, gozando de ver cómo se le afila la jeta a la Caporala cuando la muchacha d;en;ca;no;estado;Mímesis oralidad popular;Benito Pérez Galdós;1897;1897;exacta;ESPAÑA;
CDH;384;43;"Los pobres España , ,  / pa como están las cosas, se va tirandillo. Sino que es mucho aporreo. Porque, un supongamos, viene la vesita de San Vicente a mi casa; pos ya me tie usté pasando to el mobilario a ca la Pelitos. Me quedo con un jergón, el baúl viejo, media vela en una botella y una silla inválida; acostamos a Casimiro, el chico de la Onofra, que es una especialidad en toses";a;ca;no;movimiento;Mímesis oralidad popular;Carlos Arniches;1917;1917;exacta;ESPAÑA;
CDH;385;44;;a;ca;no;movimiento;Mímesis oralidad popular;Carlos Arniches;1917;1917;exacta;ESPAÑA;
CORDE;100;107;mor El pleito con mal está Cuando el abogado va A cas del procurador. Meléndez a pasearse Gran rato se **;a;cas;de;movimiento;Refrán;Cristóbal de Castillejo;c 1541 - a 1550;1545;circa;ESPAÑA;
CORDE;101;108;un gran señor o perlado Llevara vuestro mandado A cas de vuestra parienta. Pero, ya que camináis, Hermo **;a;cas;de;movimiento;no marcado;Cristóbal de Castillejo;c 1541 - a 1550;1545;circa;ESPAÑA;
CORDE;212;221;"ciendo, Muy paciente: ""Toda, señor, esta gente De cas de vuesamerced Se quexa terriblemente De la hambr **";de;cas;de;procedencia;Mímesis oralidad;Cristóbal de Castillejo;1547;1547;exacta;ESPAÑA;
CORDE;213;222;uidado, Esperanças y temor, De casa del abogado A cas del procurador. lucrecio Donde quiera Suelen ser **;a;cas;de;movimiento;Refrán;Cristóbal de Castillejo;1547;1547;exacta;ESPAÑA;
CORDE;214;223;ercicio ordinario Más cédulas cada día Que hay en cas de un boticario, Que enviaba A diversos, do pensa **;en;cas;de;estado;Mímesis oralidad;Cristóbal de Castillejo;1547;1547;exacta;ESPAÑA;
CORDE;215;224;"de habla de San Juan: ""Los que visten delicado En cas de reyes están."" Y no son De más grado y condició **";en;cas;de;estado;no marcado;Cristóbal de Castillejo;1547;1547;exacta;ESPAÑA;
CORDE;142;149;sto resonauan. Todos los ciudadanos principales a cas de el malogrado encaminauan y todo el pueblo esta **;a;cas;de;movimiento;no marcado;Cristóbal de Tamariz;c 1580;1580;circa;ESPAÑA;
CORDE;143;150;crïados que estonces con el duque avían venido en cas de los que son sus allegados, y acuden a su parte **;en;cas;de;movimiento;no marcado;Cristóbal de Tamariz;c 1580;1580;circa;ESPAÑA;
CORDE;144;151;ue ofenda allí ni aun una hoja, se fue con ella a cas de el batihoja. Finge que de las monjas es sirui **;a;cas;de;movimiento;no marcado;Cristóbal de Tamariz;c 1580;1580;circa;ESPAÑA;
CORDE;145;152;ia repicauan, toda la vezindad se a convocado y a cas de el mercader encaminauan. El primero que vino f **;a;cas;de;movimiento;no marcado;Cristóbal de Tamariz;c 1580;1580;circa;ESPAÑA;
CORPES;230;5;pero es lo que entendí) conversar (lindo vocablo) con ella por teléfono, pero si no estás aquí!, bendito teléfono, maldito!, y ni siquiera me colgó, entonces le propuse que se comprara un, perro para acercar la ternura a su vida, y entonces me mandó a que me cogieran en ca la chingada, creo.;en;ca;no;estado;Locución;Dante Medina;2001;2001;exacta;MÉXICO;
CDH;375;63;fiesta en mi corazón (Juntos, brincando la cuerda de la alegría, al hombro el gancho con capuchón y el costal al hombro, contando las últimas mentiras de la infancia: agarraron al vampiro, lo tienen en ca Chon, sí pues, se metió a chuparle la sangre a Georgina la de Mateo —Dios sabe cómo: una hija de la Mamá de las Muchachas—, y que le sale el Padre con el;en;ca;no;estado;Mímesis oralidad;Dante Medina;1990;1990;exacta;MÉXICO;
CDH;376;64;tarde para seguirle haciendo al niño lo trajo el chiquillo de los Motis. Nunca supimos cómo se llamaba ni él ni ninguno de su familia, los conocíamos de puro sobrenombre por eso les decían los motis. Voy en ca los motis. Oiga, dispense, dónde viven los motis, debían preguntar los fuereños si querían que alguien los conociera. ¿Tiscareño?, no, por aquí no vive. Uno así y asado,;en;ca;no;movimiento;Mímesis oralidad;Dante Medina;1990;1990;exacta;MÉXICO;
CORDE;103;110;"blando y tierno; y al tiempo que lo metieron [en] cas de * Annás * el traidor, con los otros se embolv **";no?;cas;de;ambiguo;ambiguo;Diego de San Pedro;a 1485;1485;ante;ESPAÑA;
CORDE;104;111;aquella gente tirana, perversa con grande gana, a cas de Caiphás se fuera. 80 Y ahí juntos los mayores **;a;cas;de;movimiento;ambiguo;Diego de San Pedro;a 1485;1485;ante;ESPAÑA;
CORDE;127;134; muy mayor fineza que no venir a trovar coplas en cas de su Alteza. Bien haréis en no justar ni querer **;en;cas;de;movimiento;no marcado;Diego Hurtado de Mendoza;c 1545 - 1575;1560;circa;ESPAÑA;
CDH;378;73;a la niña Solita! Pero eso sí le digo, éste va a ser el último mandado que le hago —y le prometió que volvería por la carta a las dos de la tarde—. Que voy en ca doña Manuela a unas pruebas.;en;ca;no;movimiento;Mímesis oralidad;Eladia González;1999;1999;exacta;MÉXICO;
CDH;379;74;"La diligencia la dejó en el portal de Guadalupe. Ahí estuvo esperando a que fueran a recogerla. En el reloj de la torre sonaron un cuarto de hora, dos 
cuartos de hora, tres. Al ver que nadie aparecía, dio órdenes a un arriero para enviar el equipaje.
— A la casa de don José Ugarte —le dijo—. Ai nomás arribita, antes de llegar al Calvario.— ¡Ah! ¡ En ca de doña Manuelita! —contestó el hombre—. Di un buen vez aprovecho pa entregar el correo.";en;ca;de;ambiguo;Mímesis oralidad popular;Eladia González;1999;1999;exacta;MÉXICO;
CDH;380;75;— En ca de «doña Manuelita» —repitió Carmen. Nunca había pensado en su madre como «doña Manuelita».;en;ca;de;ambiguo;Mímesis oralidad popular;Eladia González;1999;1999;exacta;MÉXICO;
CDH;381;76;ser, que a la niña Lupe la andaba rondando un catrín desgraciado. «No se llevará el coyote otra gallina», dijo su mamá de asté cuando se dio cuenta, y la mandó pa la capital en ca su hermana Inesita. La probe de la niña Lupe apenitas  si alcanzó a echarse su rebozo encima, creiba que nomás se iba al rancho.;en;ca;no;movimiento;Mímesis oralidad popular;Eladia González;1999;1999;exacta;MÉXICO;
CDH;382;77;— Chilpayates —Carmen deseó tomar en brazos a sus hijas, regresar a San Felipe Torresmochas—. ¡Ah!, en ca de doña Manuelita —le había dicho el arriero. Volvió al presente. Su madre ya la había perdonado, después de mucho rogarle por fin había conseguido ser recibida en su casa. La vuelta de la hija pródiga;en;ca;de;ambiguo;Mímesis oralidad popular;Eladia González;1999;1999;exacta;MÉXICO;
CDH;383;78;— Yo los dejo, hijita, voy en ca de don José Gil. Debo comprar una pieza de manta para los ancianos del asilo —dijo la tía Micaela—, prefiero no pasar, no te ofendas, pero este olor a salitre me infeliza —y;en;ca;de;movimiento;Mímesis oralidad;Eladia González;1999;1999;exacta;MÉXICO;
CORDE;77;83;cia? Orej. Yo no sé. Si quiere pueicos lo llevaré cas mi compaire, que entre buenos y malos, castraos y **;no;cas;no;movimiento;Oralidad popular;Emilio Rodríguez Demorizi;1943;1943;exacta;REP. DOMINICANA ;
CDH;277;10;"¿Has visto a Martina? — Sí; salía de ca la Demetria. — ¿Qué pasará?...";de;ca;no;procedencia;Mímesis oralidad popular;Eugenio Noel;1927;1927;exacta;ESPAÑA;
CDH;359;38;mujeres de otros países y estarán cambiados los destinos de los dos sexos?... ¿Será labor de mujeres escribir o romperse los huesos y obra de hombres el cocinar? Porque, en esta raza nuestra, no en ca las Cucas, que ahí hubieran andado a gatas, sino en cualquier bodorrio o alboroque, así sea la triste celebración de haberle tocado la lotería al vecino, en cuanto de cualquiera sartenzuela sale olor de;en;ca;no;estado;Mímesis oralidad popular;Eugenio Noel;1927;1927;exacta;ESPAÑA;
CDH;360;39;Poco alunado y confianzudo el regidor se curaba en ca las Cucas de eso del agua de sesos o del flemón de las partes blandas, osteítis o lo que fuera, según Nepomuceno. Potingues a él... cranectomías... y pomadas cáusticas. De médico;en;ca;no;estado;Mímesis oralidad popular;Eugenio Noel;1927;1927;exacta;ESPAÑA;
CDH;361;40;— Pero vosotros que no salís de en ca las Cucas ¿no veis na ?;en;ca;no;movimiento;Mímesis oralidad popular;Eugenio Noel;1927;1927;exacta;ESPAÑA;
CDH;362;41;"la Ciriaca y morirse tan poca gente en aquel pueblo, ni sabía dónde los puso desde que olearon al último; y se avisó y reunió los que de la numerosísima familia no estaban en el campo o en ca las Cucas; y se echó el lazo a las autoridades; y se revistió con roquete y estola el Padre; y a su vez albardado Cóquilis y los monacillos; y se pusieron las candelas de cera";en;ca;no;estado;Mímesis oralidad popular;Eugenio Noel;1927;1927;exacta;ESPAÑA;
CDH;387;56;"Se iba a ca las Cucas en cambreyón, en currinche; porque se va a esos tabucos así... Pero el tabuco les resultaba otra cosa que los perdis, faltuscos o chuflones no sabían expresarse.";a;ca;no;movimiento;Mímesis oralidad popular;Eugenio Noel;1927;1927;exacta;ESPAÑA;
CDH;342;9;Boruca . Para Xantar Marea, voxa merxé, a fogir y meter en ca de mi xeñor.;en;ca;de;movimiento;Mímesis oralidad popular;Feliciano de Silva;1534;1534;exacta;ESPAÑA;
CDH;373;55;"AGRICULTOR 2  Pos, a mí me suena a según; vamos en ca' don Abelardo, antes, a ver que razón nos da.";en;ca;no;movimiento;Mímesis oralidad popular;Felipe Santander, FELIPE;1982;1982;exacta;MÉXICO;
CDH;374;56;CUCA  ¿Aquí? pos sólo que en ca' Trini. Ya todos los comercios se fueron.;en;ca;no;estado;Mímesis oralidad popular;Felipe Santander, FELIPE;1982;1982;exacta;MÉXICO;
CORDE;192;201;o? JUAN. ¿Dónde vas? LOPE. A ver un rato jugar en cas de un amigo por ver si me dan barato. JUAN. ¿Vas **;en;cas;de;estado;Mímesis oralidad;Fernán González de Eslava;a 1583;1583;ante;MÉXICO;
CORDE;193;202;" CUESTIÓN. Pene el bellaco cabrón de contino; yo os prometo, si al malino en este valle topara, a fe que yo lo azotara y pringara con tocino. CAPILLA. ¡Oh!, do al diablo el cochino cancerbero, esquilencia en su gargüero, esquilencia y mala buba, y en la calle de Tacuba que fuelle en cas de un herrero. CUESTIÓN. Y pluga a Dios verdader **";en;cas;de;estado;Mímesis oralidad;Fernán González de Eslava;a 1600;1600;ante;MÉXICO;
CORDE;194;203;está en prendas del tomín que truje de solimán de cas de Miguel Martín? PRESUNCIÓN. No publiques, noram **;de;cas;de;procedencia;Mímesis oralidad;Fernán González de Eslava;a 1600;1600;ante;MÉXICO;
CORDE;195;204; de vaca? ¿Dó va con tantos carrillos? Dirá que a cas de su prima. PRESUNCIÓN. Malicia no se te imprima **;a;cas;de;movimiento;Mímesis oralidad;Fernán González de Eslava;a 1600;1600;ante;MÉXICO;
CORDE;196;205;s. MALICIA. ¡Ah, señor! ¿Para qué entró fulano en cas de fulana? La otra ¿por qué es galana? ¿Y estotro **;en;cas;de;ambiguo;Mímesis oralidad;Fernán González de Eslava;a 1600;1600;ante;MÉXICO;
CORDE;48;53; , así cantó muy contento: SOL. Allá darás rayo en cas de Vulcano. (Sale Vulcano tiznado en traje de her **;en;cas;de;estado;Mímesis oralidad;Francisco Bernardo de Quirós;1656;1656;exacta;ESPAÑA;
CORDE;92;99;re el áspid dice que el justo camina. Llevarte en cas de busconas es sola tu medicina, pues te sacarán **;en;cas;de;movimiento;no marcado;Francisco de Quevedo y Villegas;1597 - 1645;1621;exacta;ESPAÑA;
CORDE;93;100;"por el mundo, mientras yo tiendo la raspa: que en cas de las calaveras ambos las tendremos calvas. ""El **";en;cas;de;estado;no marcado;Francisco de Quevedo y Villegas;1597 - 1645;1621;exacta;ESPAÑA;
CORDE;94;101;"mbre de mi casa me fuerza a andar mendigando. ""En cas de un rico avariento, penitente vida paso; sábenl **";en;cas;de;estado;no marcado;Francisco de Quevedo y Villegas;1597 - 1645;1621;exacta;ESPAÑA;
CORDE;95;102;bos y nombres, a fuer de vocabulario, se zampó en cas de la Morra Mojagón a puntillazos. Chismáronle qu **;en;cas;de;estado;no marcado;Francisco de Quevedo y Villegas;1597 - 1645;1621;exacta;ESPAÑA;
CORDE;96;103;yo, aquel licenciado de la vida bona, en mi casa cura, y dolencia en otras, en mi taleguilla, * con sus dos langostas, que para chicharras aprenden la solfa, a las dos del día, con manteo y loba, a cazar rescoldo salí de mi choza, en cas de una niña, que, si la retozan, herreros escupe y cohetes brota;en;cas;de;ambiguo;no marcado;Francisco de Quevedo y Villegas;1597 - 1645;1621;exacta;ESPAÑA;
CORDE;147;154;ser libre, podrás, sí, por un platillo más que en cas de don Juan se pierde. Con el vil carnero verde t **;en;cas;de;estado;no marcado;Francisco de Quevedo y Villegas;c 1606 - 1618;1612;circa;ESPAÑA;
CORDE;148;155;fondos en zurdo, barba y bigotes de ganchos. * En cas del padre nos fuimos por no escandalizar tanto, y **;en;cas;de;movimiento;Mímesis oralidad;Francisco de Quevedo y Villegas;c 1610 - a 1645;1627;circa;ESPAÑA;
CORDE;149;156;e que mormurar, * pues en Sanlúcar fui güésped en cas de su Majestad. Luego el rigor de justicia me hiz **;en;cas;de;estado;Mímesis oralidad;Francisco de Quevedo y Villegas;c 1610 - a 1645;1627;circa;ESPAÑA;
CORDE;150;157;este mes y este año, aquí, pues no puedo allá, en cas del señor Guardoso, de manos de habilidad, yo, Se **;en;cas;de;estado;Mímesis oralidad;Francisco de Quevedo y Villegas;c 1610 - a 1645;1627;circa;ESPAÑA;
CORDE;151;158;"con mi bulto añusgóse, * desapareciendo pollos en cas de los labradores. ""Curaba de mal de madre con em **";en;cas;de;estado;Mímesis oralidad;Francisco de Quevedo y Villegas;c 1610 - a 1645;1627;circa;ESPAÑA;
CORDE;168;176;", sobre mi palabra, se sacará seda y paño; que en cas de los mercaderes no habrá cédula de cambio que, **";en;cas;de;estado;Mímesis oralidad;Francisco de Quevedo y Villegas;p 1613;1613;post;ESPAÑA;
CORDE;66;72;oco lo quereis, porque no podrá engrossar vuestra cas. Quereis que sirva al altar, no para que sirva a **;CD;cas;sin_complemento;NA;no marcado;Francisco Garau;1703;1703;exacta;ESPAÑA;
CORDE;67;73;Fuera de su casa es flaca, y fácilmente se vence: en su cas es muy fuerte, y quien se le entra en ella, va perdído.;en;cas;posesivo;estado;no marcado;Francisco Garau;1703;1703;exacta;ESPAÑA;
CORDE;1;5;"o! -le dijo el Faraón-, ¿es que estuviste anoche ""anca ésas""? - ¡Qué va!, estuve de vela por el puñete **";an;ca;no;estado;Mímesis oralidad popular;Francisco García Pavón;1968;1968;exacta;ESPAÑA;
CORDE;2;6;el compadre preguntó: - ¿En cuála casa? - ¡Cas doña Candelaria, niño! ¿En cuala va a see:;no;cas;no;estado;Mímesis oralidad popular;Francisco Guerra Navarro;1941-a 1961;1951;exacta;ESPAÑA;
CORDE;12;17; quinas, desde la de Palacio, arriba, hasta abajo, cas de Anita, la antigua pregonada creadora de los pa **;no;cas;de;ambiguo;Mímesis oralidad popular;Francisco Guerra Navarro;1941 - a 1961;1951;exacta;ESPAÑA;
CORDE;13;18;casar, y fimos a bebesnos un gotito de chocolate cas de Frescorro... ¡Cosa asiaa, cabayeros! ¡Ni el de **;no;cas;de;ambiguo;Mímesis oralidad popular;Francisco Guerra Navarro;1941 - a 1961;1951;exacta;ESPAÑA;
CORDE;14;19; ación corriente y seguida era posible. Ocurrieron cas de mastro Carlos Talavera cosas sonadas, y no lo **;no;cas;de;estado;Mímesis oralidad popular;Francisco Guerra Navarro;1941 - a 1961;1951;exacta;ESPAÑA;
CORDE;15;20; ndo su marido estaba al caer cogía el portante pa cas de alguna de las hijas casadas, porque si se qued **;pa;cas;de;movimiento;Mímesis oralidad popular;Francisco Guerra Navarro;1941 - a 1961;1951;exacta;ESPAÑA;
CDH;278;11;"En efecto. Ventura anduvo la mañana tarrayando en los muelles. Al peso del mediodía habían caído unos duros. Monagas encontró al compinche ""ca"" Eulalio. Se trabaron de un ron sin tufo y unas jareas frescas, entreverando el pizqueo con bizcocho de pan mollete y sollamados chorizos del país. Cuando dejaron a Eulalio, ya cantaban ""la chamelona";no;ca;no;estado;Mímesis oralidad popular;Francisco Guerra Navarro;1941-a1961;1951;exacta;ESPAÑA;
CDH;279;12;Muy sierto, sí señor. Lo tengo en Tafira, ca mi hermana. El animal es cosita asiada, que mal limpriaito pa pegárselo a una tartana.;no;ca;no;estado;Mímesis oralidad popular;Francisco Guerra Navarro;1941-a1961;1951;exacta;ESPAÑA;
CDH;280;13;Pos no me sirve, usté don Pedro. Un suponer, tamién: yo agarro un viaje de chones en el muelle un día de Yova. Los melaos van y me disen que los lleve ca los indios, o a la Catedrán. Tiro de rebenque y ¡sús!... a parar en los Poyos del Obispo. ¡Las multas de la Junta del Turismo, quién las paga dimpués!;no;ca;no;movimiento;Mímesis oralidad popular;Francisco Guerra Navarro;1941-a1961;1951;exacta;ESPAÑA;
CDH;281;14;La inglesa de proa, que al modo había estado cogiendo solajeros a bordo, le desparramó una gran sonrisa a todo lo ancho de su cara en la que no cabía una peca más, fijándola por último ya para todo el resto del viaje debajo de la bien pelada nariz. — ¿Pa onde tiramos, místera? —preguntó Monagas correspondiendo con una desmayada mueca. La turista lo miró perpleja. Después se puso a hojear un libro y a recorrer con un dedo largo y flaco un plano de la estirada ciudad de Lan Parma. — Trrriana... Coumersio... —orientó la inglesa. — Ya: ca los indios. ¡Toa la vía...! —rezongó—. ¡Quimonos y alefantes...!.;no;ca;no;movimiento;Mímesis oralidad popular;Francisco Guerra Navarro;1941-a1961;1951;exacta;ESPAÑA;
CDH;282;15;sequitos como un palo, pero más fijos que el sol cada amanecer. Y lo que recaudaba por concepto de turistas, corredores de comercio, algún médico y tal cual viajito a La Apolinaria, ca maestro Hilario, el componedor ilustre de pomos y madres, eso todo era para el bolsillo de compadre Monagas.;no;ca;no;movimiento;Mímesis oralidad popular;Francisco Guerra Navarro;1941-a1961;1951;exacta;ESPAÑA;
CDH;283;16;"DE CUANDO PEPE MONAGAS SE VIO EN UN COMPROMISO DE MUJERES ""CA"" ROSARILLO LA DEL BOCÚO";no;ca;no;estado;Mímesis oralidad popular;Francisco Guerra Navarro;1941-a1961;1951;exacta;ESPAÑA;
CDH;284;17;— Fi ca don Osé... —dijo Pepe a Soledad, según llegó al portón, haciendo como que no tenía importancia la noticia, pero mirando a su mujer arrente de la gacha cachorra.;no;ca;no;movimiento;Mímesis oralidad popular;Francisco Guerra Navarro;1941-a1961;1951;exacta;ESPAÑA;
CDH;285;18;"DE CUANDO PEPE MONAGAS FUE A OIR UNA VIEJA RADIO ""CA"" DON PEDRO EL BATATOSO";no;ca;no;movimiento;Mímesis oralidad popular;Francisco Guerra Navarro;1941-a1961;1951;exacta;ESPAÑA;
CDH;286;19;"a decirle que ""anda, hombre"", que ""mira que eres, hombre"", y que si por esta vida y que por si por la otra, y nada: el hombre se fue ca don Abraham, tiendero del Puerto que las vendía, y arancó con una. Por cierto, fue una vaina meter el aparato en el viejo coche del acarreto, porque tiraba a cómoda en el tamaño";no;ca;no;movimiento;Mímesis oralidad popular;Francisco Guerra Navarro;1941-a1961;1951;exacta;ESPAÑA;
CDH;287;20;"El que es bobo, que aprienda"", decía por cierto una mujer de Tenoya que estaba acomodada ca don Teodomiro desde antes que nacieran las, siete niñas.";no;ca;no;estado;Mímesis oralidad popular;Francisco Guerra Navarro;1941-a1961;1951;exacta;ESPAÑA;
CDH;288;21;Yo desía como de que tú te tiraras un salto ca don Esteban y jablaras con eé, a vée...;no;ca;no;movimiento;Mímesis oralidad popular;Francisco Guerra Navarro;1941-a1961;1951;exacta;ESPAÑA;
CDH;289;22;Lo sierto es que estaba afeitándose ca Manué, este der furbo ée, der Lus y Progreso, cuando le cargó una puntáa en er pecho y pegó con un jalío.;no;ca;no;estado;Mímesis oralidad popular;Francisco Guerra Navarro;1941-a1961;1951;exacta;ESPAÑA;
CDH;290;23;— Estaba pa desirte, ende cuando, Pepiyo, que pa qué no te días conmigo ca don Osé el Espiritista, que la gente jabla y no acaba de ée, pa ve si ée te quita ;no;ca;no;movimiento;Mímesis oralidad popular;Francisco Guerra Navarro;1941-a1961;1951;exacta;ESPAÑA;
CDH;291;24;—Estaba pa desirte, ende cuando, Pepiyo, que pa qué no te días conmigo ca don Osé el Espiritista, que la gente jabla y no acaba de ée, pa ve si ée te quita de la bebía y de la gayera de Péres... — ¿Qué dises tú...? ¿Tú te has jas vuerto loca, o qué...? ¡ Ca don Osé el Esperitista...! Mi que cara... ;no;ca;no;movimiento;Mímesis oralidad popular;Francisco Guerra Navarro;1941-a1961;1951;exacta;ESPAÑA;
CDH;292;25;— ¿Y eso qué tiene que vée pa íi ca el totorota ése...? ;no;ca;no;movimiento;Mímesis oralidad popular;Francisco Guerra Navarro;1941-a1961;1951;exacta;ESPAÑA;
CDH;293;26;blancas, la jincaron dentro, toda envuelta en una pañoleta negra, y tiraron con ella ca maestro Hilario. Previamente le había visitado una santiguadora, que se hartó de ;no;ca;no;movimiento;Mímesis oralidad popular;Francisco Guerra Navarro;1941-a1961;1951;exacta;ESPAÑA;
CDH;294;27;"balayo de caña donde trae y lleva sus mercancías, ahora vacío, que todo lo colocó "" ca gente rica"" después de dar más patás que un perro cazador. Desandada, porque está ";no;ca;no;estado;Mímesis oralidad popular;Francisco Guerra Navarro;1941-a1961;1951;exacta;ESPAÑA;
CDH;295;28;Venturilla—. Mira a ve si localisas a la jarca. Tú le dises a eyos que yo estoy asquí, ca Juanito. No... te orvide de Pepe, ¿oítes? ;no;ca;no;estado;Mímesis oralidad popular;Francisco Guerra Navarro;1941-a1961;1951;exacta;ESPAÑA;
CDH;296;29;— Vete abajo ca mastro Rafaé, ¿oíte? —ordenó ese vecino que se presta para arreglar los potajes ;no;ca;no;movimiento;Mímesis oralidad popular;Francisco Guerra Navarro;1941-a1961;1951;exacta;ESPAÑA;
CDH;297;30;CUANDO PEPE MONAGAS LLEGÓ A TIEMPO CA LAS NIÑAS ANGUSTIAS ;no;ca;no;movimiento;Mímesis oralidad popular;Francisco Guerra Navarro;1941-a1961;1951;exacta;ESPAÑA;
CDH;298;31;de confianza que daba Adancito el del Pilar para celebrar una lotería que le cayó ca los Feos. El Adancito, que era de Agüimes, tenía un tienduchillo con escobas, boliches ;no;ca;no;estado;Mímesis oralidad popular;Francisco Guerra Navarro;1941-a1961;1951;exacta;ESPAÑA;
CDH;299;32;Por una causa o por otra, Sánchez encalló ca Adancito. Entonces, a Adela la de señores Ramírez le dio tan recio insulto de entrada ;no;ca;no;estado;Mímesis oralidad popular;Francisco Guerra Navarro;1941-a1961;1951;exacta;ESPAÑA;
CDH;300;33;"Un baile de ""última"" en Fuera de la Portada, ca Isidrito el ""Talayero"". Al fondo, la cama, con la señora y el crío. La señora, ";no;ca;no;estado;Mímesis oralidad popular;Francisco Guerra Navarro;1941-a1961;1951;exacta;ESPAÑA;
CDH;301;34; viejo, reculando, reculando, se va en peso contra una mesa de pinsapo blanco de ca los Peñates. Sobre la mesa hay galletas de María y botellas de cerveza. Una sale ;de;ca;no;procedencia;Mímesis oralidad popular;Francisco Guerra Navarro;1941-a1961;1951;exacta;ESPAÑA;
CDH;302;35;señor durón ya, de cuello tieso él, con caspa en las solapas rucias, viejo empleado ca don Agustín Millares, es elegido depositario. Sonriente y honrado como un santo ;no;ca;no;estado;Mímesis oralidad popular;Francisco Guerra Navarro;1941-a1961;1951;exacta;ESPAÑA;
CDH;303;36;golpes y voladas. Le voy a referir aquella chapetonada de un día que se dio una ducha ca un señor de Terde él, ricachón él, que era dueño de un ingenio más grande que toda ;no;ca;no;estado;Mímesis oralidad popular;Francisco Guerra Navarro;1941-a1961;1951;exacta;ESPAÑA;
CDH;304;37;perrillas. Bastante, ¿oyó?, porque ella anduvo inclusive echándosela y comprando cá los Peñates juegos de mimbre, pantallas y eso. ;no;ca;no;estado;Mímesis oralidad popular;Francisco Guerra Navarro;1941-a1961;1951;exacta;ESPAÑA;
CDH;305;38;Sobajienta...? ¡Sí, hombre! Que. vivía ella en la calle de la Herrería, por debajo de ca don Juan Sintes... ;debajo de;ca;no;adverbio;Mímesis oralidad popular;Francisco Guerra Navarro;1941-a1961;1951;exacta;ESPAÑA;
CDH;306;39;compadre Austinito el de la Placetilla, con la mujer y el rancho alante, que viene de ca Damasito el Sargo, donde se metió el andansio y hay tres en cama y dos orejiando ;de;ca;no;procedencia;Mímesis oralidad popular;Francisco Guerra Navarro;1941-a1961;1951;exacta;ESPAÑA;
CDH;307;40;Con una piedra...? Eso es del riñón, tú. Dale agüita de Los Berrasales. Y llévalo ca don José Ponse, ¿oítes? ;no;ca;no;movimiento;Mímesis oralidad popular;Francisco Guerra Navarro;1941-a1961;1951;exacta;ESPAÑA;
CDH;308;41;"l Suizo y dejó allí el requinto. Luego subió, como el que no quiere la cosa, por   ca  los Peñate arriba y pasó, ¡""distraííído""! por delante de los dos señores en conferencia ";por;ca;no;movimiento;Mímesis oralidad popular;Francisco Guerra Navarro;1941-a1961;1951;exacta;ESPAÑA;
CDH;309;42;agüita limpia a un ramo de flores. Está claro que el azufre o el agüita era un ron de   ca  Manolito Mano Abajo, cuidado como un gallo de buen castío. Manolito tenía un gran ;de;ca;no;procedencia;Mímesis oralidad popular;Francisco Guerra Navarro;1941-a1961;1951;exacta;ESPAÑA;
CDH;310;43;salgo pa mi casa al peso del mediodía y tiro Risco arriba y al pasar por delante de   ca  mi comadre Frasquita la Baifa siento un friteo y su olorsillo de rebumbio estomacal ;delante de;ca;no;adverbio;Mímesis oralidad popular;Francisco Guerra Navarro;1941-a1961;1951;exacta;ESPAÑA;
CDH;311;44;"Frasquita la Baifa siento un friteo y su olorsillo de rebumbio estomacal, pos me digo: ""  ca  mi comadre Frasquita la Baifa  están ";no;ca;no;estado;Mímesis oralidad popular;Francisco Guerra Navarro;1941-a1961;1951;exacta;ESPAÑA;
CDH;312;45;Tiró una mañana, ay a las diez, pa   ca  don Silvestre. Y le contó cómo andaba de requintado. El médico aconsejó primero ;pa;ca;no;movimiento;Mímesis oralidad popular;Francisco Guerra Navarro;1941-a1961;1951;exacta;ESPAÑA;
CDH;313;46;tabla se echa a valiente un torero, vestido igualmente que los que están pintados   ca  Pepito, el del bar Lagunetas. Y menuíto, menuíto, llevando una pañoleta en las  ;no;ca;no;estado;Mímesis oralidad popular;Francisco Guerra Navarro;1941-a1961;1951;exacta;ESPAÑA;
CDH;314;47;tartana del indiano. Yo no sé por dónde se enteró del proyecto, ni eso. Pero cayeron   ca  el amo  primero la mujer y él atrás. Y una con llantinas y el otro con arrumacos ;no;ca;no;ambiguo;Mímesis oralidad popular;Francisco Guerra Navarro;1941-a1961;1951;exacta;ESPAÑA;
CDH;315;48;Soleaita se quitó de cuentos y se fue   ca  los señores Jorge. Y consiguió que lo llamaran. ;no;ca;no;movimiento;Mímesis oralidad popular;Francisco Guerra Navarro;1941-a1961;1951;exacta;ESPAÑA;
CDH;316;49;"todo para el jinojo y se dispuso, inclusive, a que el Juan Pitín ""la depositara""   ca  el juez. ";no;ca;no;estado;Mímesis oralidad popular;Francisco Guerra Navarro;1941-a1961;1951;exacta;ESPAÑA;
CDH;317;50;solícito, metiéndose, a lo mejor, donde nadie lo llamaba. Así, por ejemplo, si estaban   ca  Rafaelito, el de la tienda, jilvanándose unos copejos de argo, y llegaba, alguna ;no;ca;no;estado;Mímesis oralidad popular;Francisco Guerra Navarro;1941-a1961;1951;exacta;ESPAÑA;
CDH;318;51;Cierta vez, precisamente   ca  Rafaelito y estando la jarca copeando, entró una Rosarillo a comprar. La muchacha ;no;ca;no;estado;Mímesis oralidad popular;Francisco Guerra Navarro;1941-a1961;1951;exacta;ESPAÑA;
CDH;319;52;unas tías cotorronas que siempre le llevaban su ñemita en dulce, o su merengue de   ca  Anita. Tinito, como lo llamaban de puertas adentro con deje de gata parida, se  ;de;ca;no;procedencia;Mímesis oralidad popular;Francisco Guerra Navarro;1941-a1961;1951;exacta;ESPAÑA;
CDH;320;53;ver si con un ejemplo... —insistía, aplastado, el profesor, que solía tomar el té   ca  Tinito, y hasta se decía que enamorisquiaba a una tía solterona, con cuartos y  ;no;ca;no;estado;Mímesis oralidad popular;Francisco Guerra Navarro;1941-a1961;1951;exacta;ESPAÑA;
CDH;321;54; Lo encontró en la plaza echándose un goto de café, y Pepe se invitó a ir con él   ca  un abogado bueno, que además era amigo. ;no;ca;no;movimiento;Mímesis oralidad popular;Francisco Guerra Navarro;1941-a1961;1951;exacta;ESPAÑA;
CDH;322;55;"mire; yo estuve, cuando pegaron a plantarse tomates en Sardinas, jasiendo una safra   ca  los Betancores. Y en una tierra nueva, que está Dotoral pa abajo pa la mar, plantemos ";no;ca;no;estado;Mímesis oralidad popular;Francisco Guerra Navarro;1941-a1961;1951;exacta;ESPAÑA;
CDH;323;56;— ¿Qué dises tú? ¿Hoy, lunes de Casnaváa, y como yo estoy a limpiá retretes...? ¡Tú te has jas vuerto loca! — Ande, cristiano, no sea majaero, y se gana unas perritas, mire que es   ca  ingleses... ;no;ca;no;estado;Mímesis oralidad popular;Francisco Guerra Navarro;1941-a1961;1951;exacta;ESPAÑA;
CDH;324;57;,  que era también del barco, se des pedían de tierra   ca  Rafaelito jincándose su media docena de macanazos con chochos y jareas. Y estando ;no;ca;no;estado;Mímesis oralidad popular;Francisco Guerra Navarro;1941-a1961;1951;exacta;ESPAÑA;
CDH;325;58;"intierro"" y de raspafilón, él, con media docena más de acompañantes, entraron por   ca  Angelita y se jilvanaron media docena de roncejos ¡tranquiliiitos! No hizo más  ";por;ca;no;movimiento;Mímesis oralidad popular;Francisco Guerra Navarro;1941-a1961;1951;exacta;ESPAÑA;
CDH;326;59;que la vieja entregó su alma a Dios y el cuerpo a Monzón, Pepe cayó por un casual   ca  las niñas. ;no;ca;no;ambiguo;Mímesis oralidad popular;Francisco Guerra Navarro;1941-a1961;1951;exacta;ESPAÑA;
CDH;327;60;calentaron por una discusión acerca de gallos ingleses. Amulóse Pepe y se mudó pa   ca  maestro Chano. Era aquella una barbería triste, donde apenas se podía hablar. Ni ;pa;ca;no;movimiento;Mímesis oralidad popular;Francisco Guerra Navarro;1941-a1961;1951;exacta;ESPAÑA;
CDH;328;61;conmigo, ¿oyó? ¡Oiga, que bay un ron al canto arriba del Camino Nuevo, cristiano,   ca  Justito...! ;no;ca;no;estado;Mímesis oralidad popular;Francisco Guerra Navarro;1941-a1961;1951;exacta;ESPAÑA;
CDH;329;62;"nuevillo, que vino al valle de lágrimas cuando parecía que no era tiempo ya, lo mandó   ca  los abuelos a sopetiar pan en pasote y a comer raleras de gofio y leche; y al otro ";no;ca;no;movimiento;Mímesis oralidad popular;Francisco Guerra Navarro;1941-a1961;1951;exacta;ESPAÑA;
CDH;330;63;— Sentao, solo,   ca  don José del Hierro, lo dejé yo jase un pisco —informó Manué el de la Portadilla ;no;ca;no;estado;Mímesis oralidad popular;Francisco Guerra Navarro;1941-a1961;1951;exacta;ESPAÑA;
CDH;331;64;Cogieron todos su guagüita y tiraron pa   ca  don José el del Hierro. Con un vaso de vino delante, solo y entristecido estaba ;pa;ca;no;movimiento;Mímesis oralidad popular;Francisco Guerra Navarro;1941-a1961;1951;exacta;ESPAÑA;
CDH;332;65; coger su derecha. Si usté iba al Parque, sun poner, tenía que coger la acera de   ca  Chanray. Si usté venía de Fuera la Portada pa dentro por la calle de Viera y Clavijo ;de;ca;no;relacional;Mímesis oralidad popular;Francisco Guerra Navarro;1941-a1961;1951;exacta;ESPAÑA;
CDH;333;66;costumbres, se jincó casi de piesss el goto de café y tiró arrastrando el redoma. Cayó   ca  Rafaelito cuando todavía estaba barriendo y  las cucas levantadas. Trabó ajoto  ;no;ca;no;ambiguo;Mímesis oralidad popular;Francisco Guerra Navarro;1941-a1961;1951;exacta;ESPAÑA;
CDH;334;67;como ella sola. Le faltó tiempo para soltar la especie. Sunsionita entraba y salía   ca  don Cristóbal. ¡Miá pa allá! ;no;ca;no;coordinado;Mímesis oralidad popular;Francisco Guerra Navarro;1941-a1961;1951;exacta;ESPAÑA;
CDH;335;68;una fiera y trancada, sin una palabra más, Soledad se echó la pañoleta y tiró pa   ca  doña Agustina la mujer de don Manuel. ;pa;ca;no;movimiento;Mímesis oralidad popular;Francisco Guerra Navarro;1941-a1961;1951;exacta;ESPAÑA;
CDH;336;69;" vengo asín con la quilla pal marisco que si no la atajo, mano Manué, esto va pa   ca  Monsón, te lo digo."" ";pa;ca;no;movimiento;Mímesis oralidad popular;Francisco Guerra Navarro;1941-a1961;1951;exacta;ESPAÑA;
CDH;337;70;saltones y mirones. Monagas se jincó el café, mi comadre vendió el cacao de tres pelos   ca  sita Tita de Vegueta, regalaron el lagarto y la figurilla y amarraron el mono atrás ;no;ca;no;estado;Mímesis oralidad popular;Francisco Guerra Navarro;1941-a1961;1951;exacta;ESPAÑA;
CDH;365;46;", que además está tupío, asín que no pegues a ponerte nervioso y con la jiringuiya vayas y la arrequintes mucho, no sea que te dé un estallío, más que nada por los vesinos; yo estoy en ca Pina la  Cochafisco,   alreor della, pos se ha puesto de presentasión, y pa eso estamos, pa ayudarnos unos a los otros"".";en;ca;no;estado;Mímesis oralidad popular;Francisco Guerra Navarro;1941-a1961;1951;exacta;ESPAÑA;
CDH;366;47;Se las estaba bebiendo en ca el Cubano, con Venturilla el Taita, como le sintiera cuartos era una lapa. Y a los cuantos rones, que venían enyescando con aceitunas, Pepe veía tres montados en un burro. Quedaba en el;en;ca;no;estado;Mímesis oralidad popular;Francisco Guerra Navarro;1941-a1961;1951;exacta;ESPAÑA;
CDH;367;48;. Y todos los años, cuando advenía la fiesta del Arcángel, doña. Candelaria armaba viaje pa Las Palmas, porque la fecha la ponía más amarga que la retama. Y paraba, cómo no, en ca Los Lorenzos.;en;ca;no;estado;Mímesis oralidad popular;Francisco Guerra Navarro;1941-a1961;1951;exacta;ESPAÑA;
CDH;368;49;En vísperas, una prima noche de copas tranquilas en ca Miguelito el Suleica—que, ¿sabe?, le decían el Suleica porque era del Hierro —entró con el Diario de Las Palmas Victorito el del Pinillo. El periódico traía un suelto alrededor;en;ca;no;estado;Mímesis oralidad popular;Francisco Guerra Navarro;1941-a1961;1951;exacta;ESPAÑA;
CDH;369;50;con la mandíbula inferior aguda y el labio boquino. Empezó haciendo mezclas matonas con el beberío. Y achicándole a Monagas como a un fonil. Pepe cayó por fin como un cortacapote. Peripesia explicó su plan. En ca doña Esperanza, la dueña de su pensión, había un hábito de fraile franciscano, colgado cuidadosamente en un empotrado ropero de su dormitorio. Parece ser que don Juan Lorenzo Pérez de Zerolo, el difunto marido;en;ca;no;estado;Mímesis oralidad popular;Francisco Guerra Navarro;1941-a1961;1951;exacta;ESPAÑA;
CDH;388;59;máscara, gorda ella, que iba y venía del baile a un grupo de cotorrones enralados que estaban mandándose unos güisquis a la entrada, haciéndola caer por fin con tal talegazo que creo que hubo que llevarla a ca Amador, la broma dejó de ser broma y enredó la pita. Protestaron mayormente los cotorrones, uno de los cuales dicen que tenía que ver con la gorda y estaba disimulando. Llamaron al dueño para;a;ca;no;movimiento;Mímesis oralidad popular;Francisco Guerra Navarro;1941-a1961;1951;exacta;ESPAÑA;
CDH;389;60;agarró una falladera que lo viró en tres días una frutita de aire, dejándolo más amarillo que una ñema de güevo. Y como se empeñara su mujer y unas vecinas en que era el pomo, Pepe tiró a ca maestro Hilario. Pero maestro Hilario lo desengañó:;a;ca;no;movimiento;Mímesis oralidad popular;Francisco Guerra Navarro;1941-a1961;1951;exacta;ESPAÑA;
CDH;390;61;"Recibió Monagas el encargo y gestionó una media docena de ""usnias"" que fue llevando una por una a ca sita Rita. Aquéllas por grandes, estotras por angostas, todas recibían los peros de Ritita, que quería para su Niño un fanal más difícil que un premio de los ciegos. Por fin recaló mi";a;ca;no;movimiento;Mímesis oralidad popular;Francisco Guerra Navarro;1941-a1961;1951;exacta;ESPAÑA;
CORDE;18;23; o. Así que, para aventarle que fuese otro poco en cas del diablo y juntamente aprendiesecómo se han d **;en;cas;de;movimiento;Mímesis oralidad;Francisco López de Úbeda;1605;1605;exacta;ESPAÑA;
CORDE;182;191;migo en cueros estoy, dame aquella niñería que en cas de un ropero iría, no me amanezca así el día. CLO **;en;cas;de;movimiento;Mímesis oralidad;Fray Alonso Remón;1599;1599;exacta;ESPAÑA;
CORDE;183;192;iega jubentud, que ya su engaño conoces. Bolvamos cas de tu padre que, aunque es nuestra vida torpe, vi **;no;cas;de;movimiento;Mímesis oralidad;Fray Alonso Remón;1599;1599;exacta;ESPAÑA;
CORDE;224;233;"los habló la primera semana de Cuaresma próxima pasada, en casa del dicho Pedro de Cazalla, no estando otra persona delante que lo entendiesen; y con el Doctor Cazalla en Valladolid, esta dicha Cuaresma, en cas de Doña Leonor, su madre, que no se acuerda que estuviese otra persona delante.";en;cas;de;estado;no marcado;Fray Domingo de Rojas;1558;1558;exacta;ESPAÑA;
CORDE;125;132;car de razonables, bestiales. Conparaçión Como en cas del boticario el buen físico prudente escudriña e **;en;cas;de;estado;no marcado;Fray Íñigo de Mendoza;1467 - 1482;1474;exacta;ESPAÑA;
CORDE;126;133;"s, alterados, como están los labradores quando en cas de los señores miran los paños brocados; los menu **";en;cas;de;estado;no marcado;Fray Íñigo de Mendoza;1467 - 1482;1474;exacta;ESPAÑA;
CORDE;86;93;manda fué en vano, Lo cual viendo las matronas En cas de Veturia entraron, Dulce y respetada madre Del **;en;cas;de;ambiguo;Oralidad popular;Gabriel Lobo Lasso de la Vega;1587;1587;exacta;ESPAÑA;
CORDE;106;113; las texas nunca te levantas, cuando mucho vas en cas de Constanza, y hállasla fregando o mondando haba **;en;cas;de;movimiento;no marcado;Gabriel Lobo Lasso de la Vega;1601;1601;exacta;ESPAÑA;
CORDE;107;114;Xarama se ensañe, ni que el caudaloso Tajo por en cas del Cura pase, ni que sus sordas corrientes entre **;por en;cas;de;movimiento;no marcado;Gabriel Lobo Lasso de la Vega;1601;1601;exacta;ESPAÑA;
CORDE;108;115;ojos en sus chapines, hasta que la vido entrar en cas de unos Florentines, que le doraron las manos, y **;en;cas;de;ambiguo;no marcado;Gabriel Lobo Lasso de la Vega;1601;1601;exacta;ESPAÑA;
CORDE;109;116; almuerzo para cuando abaxe, y luego le invían en cas del compadre. Sale a comissión es, que le dan a p **;en;cas;de;movimiento;no marcado;Gabriel Lobo Lasso de la Vega;1601;1601;exacta;ESPAÑA;
CORDE;110;117;"Pascuas, tiene silla y moza, escudero y casa y en cas del caxero creditazo y tarja; y en que exercitar **";en;cas;de;estado;no marcado;Gabriel Lobo Lasso de la Vega;1601;1601;exacta;ESPAÑA;
CORDE;111;118;rarse valiente y salir de lo ordinario se fué en cas de un boticario con paso bien diligente. Diciendo **;en;cas;de;estado;no marcado;Gabriel Lobo Lasso de la Vega;1601;1601;exacta;ESPAÑA;
CORDE;69;75;r toda via secreto mas que thesoro, guardate, por cas del moro no fables algararuia. El principio del s **;por;cas;de;movimiento;no marcado;Gaspar de Tejeda;1548;1548;exacta;ESPAÑA;
CORDE;157;164; que el comer es la holgura del trabajo. Voyme a cas del sacristán a pagalle las campanas que tañió. Q **;a;cas;de;movimiento;Mímesis oralidad;Gil Vicente;1524;1524;exacta;ESPAÑA;
CORDE;51;56; t'apures, en un santiamén voy en una correndera a cas, ordeño la Pinta y tráigote una zapita colmáa de **;a;cas;sin_complemento;movimiento;Oralidad popular;Hermilio Alcalde del Río;1914;1914;exacta;ESPAÑA;
CORDE;161;168;il Lanudo, un pastor no mucho agudo, va y viene a cas de la dama, hija de un hombre no rudo que Lepidan **;a;cas;de;movimiento;Mímesis oralidad;Jaime de Huete;1535;1535;exacta;ESPAÑA;
CORDE;162;169;ssó por aquí un pastor que habló con mí que iva a cas de Lepidano. Vidriano. ¿Sí abrirán? Secreto. Pien **;a;cas;de;movimiento;Mímesis oralidad;Jaime de Huete;1535;1535;exacta;ESPAÑA;
CORDE;166;173;, señor, pese a tal con tal error. ¿Y adónde? ¿a cas de tu suegra? timbreo Pues ¿adónde, pecador? gili **;a;cas;de;movimiento;Mímesis oralidad;Jaime de Huete;c 1528;1528;circa;ESPAÑA;
CDH;340;73;"fr. vegeçio Buelbe aína;
ve drecho por la çalina,
por caza de Joan Matheo;
vamoz a caz de Lucina.";a;cas;de;movimiento;no marcado;Jaime de Huete;c1528 ;1528;circa;ESPAÑA;
CORDE;138;145;gunos hombres que les viene Dios a ver. Salió de cas de sus padres el montañesito fiel, roto y descalz **;de;cas;de;procedencia;no marcado;Jerónimo de Cáncer;1651;1651;exacta;ESPAÑA;
CORDE;186;195;e Ita. Llegui el coche de prisa, e vamos lueco en cas di la mochache del zarambeco. *Vamos allá volandi **;en;cas;de;movimiento;Mímesis oralidad;Jerónimo de Cáncer;a 1655;1655;ante;ESPAÑA;
CORDE;188;197;is porquerones, alguaciles!, ¡vení aína! Vamos en cas de Gabrina, vos guardá aquesos cantones. Alguazi **;en;cas;de;movimiento;Mímesis oralidad;Joaquín Romero de Cepeda;1582;1582;exacta;ESPAÑA;
CORDE;140;147;"dixo luego: ""Escucha e ten sossiego; vete aora en cas de la pastora Veronisa, e dile que Felisa te ha e **";en;cas;de;movimiento;Mímesis oralidad;Jorge de Montemayor;1554 - 1559;1556;exacta;ESPAÑA;
CORDE;53;58;el camino en fuerte lugare. Salí Peregrino de en cas de mi madre. Topé dos caminos, del bien y del mal **;de en;cas;de;procedencia;Mímesis oralidad;José de Valdivielso;1622;1622;exacta;ESPAÑA;
CORDE;54;59;San Esteuan ¿Qué compraste, Caín cruel? Caín De en cas de Pedro Hurdemalas, pa[ra] Dios palabras malas y **;de en;cas;de;procedencia;Mímesis oralidad;José de Valdivielso;1622;1622;exacta;ESPAÑA;
CORDE;55;60; n Esteuan ¿Dónde compraste tú, Amón? Amón ¿Do? En cas de la Carne vil. Entre coral y marfil co[m]pré vn **;en;cas;de;estado;Mímesis oralidad;José de Valdivielso;1622;1622;exacta;ESPAÑA;
CORDE;56;61;" o el camino en fuerte lugare. Princesa salí de en cas de mi padre; en la edad pequeña, en la dicha gran **";de en;cas;de;procedencia;Mímesis oralidad;José de Valdivielso;1622;1622;exacta;ESPAÑA;
CORDE;57;62; erribre! ¿No me estaua yo en mi tierra, nacido en cas de mi padre, en el quarto de mi madre, donde a lo **;en;cas;de;estado;Mímesis oralidad;José de Valdivielso;1622;1622;exacta;ESPAÑA;
CORDE;58;63;" s y capas, a ser pisado del pueblo; a ti, que en cas de Pilatos ya te armaron cauallero, donde velaste **";en;cas;de;estado;Mímesis oralidad;José de Valdivielso;1622;1622;exacta;ESPAÑA;
CORDE;59;64; son, siendo Dios, que con Dios reyna, salir de en cas de su padre a que le prueue la tierra? ¿No es bax **;de en;cas;de;procedencia;Mímesis oralidad;José de Valdivielso;1622;1622;exacta;ESPAÑA;
CORDE;60;65; plegue a el que sea, aunque lo he desmerecido. En cas de mi padre amado, ¡quántos gañanes están, a quie **;en;cas;de;estado;Mímesis oralidad;José de Valdivielso;1622;1622;exacta;ESPAÑA;
CORDE;61;66; re de vn lago escuro. En el qual si resualara, en cas del demonio diera, donde viuiendo muriera y murie **;en;cas;de;ambiguo;Mímesis oralidad;José de Valdivielso;1622;1622;exacta;ESPAÑA;
CORDE;78;84; el camino en fuerte lugare. Salí zagaleja de en cas de mi madre, en la edad pequeña y en la dicha gra **;de en;cas;de;procedencia;Oralidad popular;José de Valdivielso;1612;1612;exacta;ESPAÑA;
CORDE;79;85;ién le ha metido en llorar y padecer, teniendo en cas de su padre una vida como un rey? ¿Tan mal le iba **;en;cas;de;estado;Oralidad popular;José de Valdivielso;a 1638;1638;ante;ESPAÑA;
CORPES;234;11;La abuela escuchó en ca Butrón hablaba de velaciones y de altares. «Por aquí mismo, más abajito, en La Caracara, hay un centro espiritual y muchos han ido a ver cómo hacen para llegar al tesoro, pero los guardianes son muy poderosos y los trancan».;en;ca;no;estado;ambiguo;José Joaquín Burgos;2003;2003;exacta;VENEZUELA;
CORDE;223;232;Que a veces en cas de los marqueses más suele ser el ruido que las nueces.;en;cas;de;estado;Refrán;José Joaquín Fernández de Lizardi;1816-1827;1821;exacta;MÉXICO;
CDH;371;52;— En ca la Paca. La metieron allí.;en;ca;no;estado;Mímesis oralidad popular;José Luis Martín Vigil;1968;1968;exacta;ESPAÑA;
CORPES;226;1;Julián: Mamá, ya me voy... voy a ver a Macaria y luego me paso anca la Lupe... Llego tarde porque me quedé de ver con Miguel.;an;ca;no;movimiento;Mímesis oralidad;José Luis Solís Olivares;2005;2005;exacta;MÉXICO;
CDH;275;8;"fisanes, * al apuntar la toñá"". * Comenencias * de cada cual lo pedían así. Todos estaban muy  contentos; y ya contaba Juan Pedro con darse una vuelta ""por ca su amo, * pa ponerle en los autos al respetive, como era debido"". También Pilara tenía pensamiento de avistarse con Inés para pedirla cierto favor que estimaría Pedro Juan en tanto o más que ella";por;ca;no;movimiento;Mímesis oralidad popular;José María de Pereda;1889;1889;exacta;ESPAÑA;
CREA;225;5;Soldado 2º. (Siguiendo la farsa.) Baje usted la mano, coronel... ¿De qué casa e zorras viene usted a estas horas de la madrugá? El Pingajo. D'en ca mi novia, paisano general...;de en;ca;no;procedencia;Mímesis oralidad popular;José María Rodríguez-Méndez;1976;1976;exacta;ESPAÑA;
CDH;372;54;La Madre Martina. (Volviéndose cuando ya salía.) Voy a hacer un mandao en ca unas señoritas de bien... A la Cuesta San Vicente...;en;ca;no;movimiento;Mímesis oralidad popular;José María Rodríguez-Méndez;1976;1976;exacta;ESPAÑA;
CORDE;50;55; eplicó el portugués: - Boto a Dios de no ficar en cas de ome tan goloso. 44 Dice el conde de Salinas, **;en;cas;de;estado;Mímesis oralidad;Juan de Arguijo;a 1622;1622;ante;ESPAÑA;
CORDE;152;159; Que mala defension, que mal abrigo, Seguridad en cas del enemigo. No cumplia mostrarse negligentes Lo **;en;cas;de;estado;no marcado;Juan de Castellanos;1589;1589;exacta; COLOMBIA;
CORDE;153;160;ro Fué por secretas vias con concierto, Entrar en cas del dicho tesorero: El cerrado lugar hacen abiert **;en;cas;de;ambiguo;no marcado;Juan de Castellanos;1589;1589;exacta; COLOMBIA;
CORDE;154;161;ontes encumbrado, Y para desaguar el fïel pecho A cas del Juan del Rio fué derecho. Fué su persona dél **;a;cas;de;movimiento;no marcado;Juan de Castellanos;1589;1589;exacta; COLOMBIA;
CORDE;97;104;o aquella noche pasada, si le hizo mal la cena de cas de doña Fulana, y otras cosas a este tono, que ca **;de;cas;de;relacional;Mímesis oralidad;Juan de Salinas;1585 - a 1643;1614;exacta;ESPAÑA;
CORDE;98;105;"e veinticinco alfileres, a visitar los altares de cas de los Milaneses; sin otras impertinencias, bien **";de;cas;de;relacional;Mímesis oralidad;Juan de Salinas;1585 - a 1643;1614;exacta;ESPAÑA;
CORDE;99;106;A DE PERDONES 55 Nací sin pies y sin manos, y en cas de una hermana estoy, por ser chiquito, que soy e **;en;cas;de;estado;no marcado;Juan de Salinas;1585 - a 1643;1614;exacta;ESPAÑA;
CORDE;73;79;"az mal y guarte"" por guárdate. También dezimos en cas del por en casa del. T. Essa síncopa no me acuerd **";en;cas;de;NA;Metalingüístico;Juan de Valdés;1535 - 1536;1535;exacta;ESPAÑA;
CORDE;74;80;"s. V. Luego no avéis oído el refrán que dize: ""En cas del bueno, el ruin tras fuego"", ni el otro: ""En c **";en;cas;de;estado;Refrán;Juan de Valdés;1535 - 1536;1535;exacta;ESPAÑA;
CORDE;75;81;"s del bueno, el ruin tras fuego"", ni el otro: ""En cas del hazino, más manda la muger que el marido."" T. **";en;cas;de;estado;Refrán;Juan de Valdés;1535 - 1536;1535;exacta;ESPAÑA;
CORDE;76;82;"VALDÉS.- 	

Falta sirve, como sabéis, para el juego de la pelota, también como para decir: Malo es Pasqual, mas nunca le falta mal. A estas dos significaciones aludió don Antonio de Velasco en una copla que, al mismo propósito de la otra, hizo a un caballero de la Casa de la Cuerda, que era tenido por poco sabio; la cual decía así:
	   El de la cuerda, a mi ver, 		
	allí no ganará nada; 		
	si no es falta de tomada, 		
	será falta de saber; 		
	tantas le vemos hazer, 		
	y de ver que son sin cuento, no vaya a cas de Sarmiento. M. Bien parece essa cosa del ingen **";a;cas;de;movimiento;no marcado;Juan de Valdés;1535 - 1536;1535;exacta;ESPAÑA;
CORDE;139;146;" Es un cielo por nivel do los reyes son el norte, y los grandes de la corte estrellas en cerco dél; de oficiales gran tropel, y es un bien muy necessario, y un deleytoso vergel, y botes de hiel y miel como en cas de boticario. Es un enxambre de abejas que todas **";en;cas;de;estado;no marcado;Juan del Encina;1481 - 1496;1488;exacta;ESPAÑA;
CORDE;219;228;los santos apóstoles a predicar, de Caifás la casa y Anás se contiene. En casa de Anás está señalado un çierto lugar a do le fue dada a Christo en el rostro una bofetada, y en cas de Caifás do el gallo á cantado, y a do de San Pedro fue Christo negado, do estavan al fuego qu'es un portal fuera, y dentro, en la iglesia, la piedra está que  ;en;cas;de;estado;no marcado;Juan del Encina;1481-1496 ;1488;exacta;ESPAÑA;
CORDE;63;68;e, van contigo a representar autos de comedias en cas de los abbades o van por las llaves para abrirte **;en;cas;de;ambiguo;Mímesis oralidad;Juan Rodríguez Florián;1554;1554;exacta;ESPAÑA;
CORDE;64;69;? Fulminato. Despensero Oídla a la puta. -Es d'en cas del diablo el otro y agora primo! Y aun él tiene **;de en;cas;de;procedencia;Mímesis oralidad;Juan Rodríguez Florián;1554;1554;exacta;ESPAÑA;
CORDE;65;70;llá. Felisino Alarga el passo, que gente corre en cas de Marcelia. Polytes Apartaos fuera, rapazes. -A, **;en;cas;de;movimiento;Mímesis oralidad;Juan Rodríguez Florián;1554;1554;exacta;ESPAÑA;
CORDE;184;193;te caballero y dijo: don Juan de Luna. García: En cas del embajador de Ingalaterra te espero. Con mis j **;en;cas;de;estado;Mímesis oralidad;Juan Ruiz de Alarcón;1618;1618;exacta;MÉXICO;
CDH;344;21;anda ahora de esquina en esquina, y con voz envinada y ronca dice: Qualsiquiá presona – que tubiese niño – o niña – que la quiá – vacurnar – acuda – esta tarde – a las cinco – en ca – del Señor Alcalde – mayor.;en;ca;de;movimiento;Mímesis oralidad popular;Leandro Fernández de Moratín;1807;1807;exacta;ESPAÑA;
CORDE;91;98;a pasearte al Prado o a otra parte, pásate por en cas de un alojero, y dile que me muero. De doña Tere **;por en;cas;de;movimiento;no marcado;Lope de Vega Carpio;1634;1634;exacta;ESPAÑA;
CORDE;120;127;passearte Al Prado o a otra parte, Pássate por en cas de vn aloxero, Y díle que me muero.;por en;cas;de;movimiento;no marcado;Lope de Vega Carpio;1605;1605;exacta;ESPAÑA;
CORDE;158;165;vo, y amor todo es vengança, pero como no viue en cas de Feliciano esta señora? TANCREDO Porque en cas **;en;cas;de;estado;Mímesis oralidad;Lope de Vega Carpio;1595 - 1603;1599;exacta;ESPAÑA;
CORDE;159;166; cas de Feliciano esta señora? TANCREDO Porque en cas de un soltero no ay tanto encerramiento como pide **;en;cas;de;estado;Mímesis oralidad;Lope de Vega Carpio;1595 - 1603;1599;exacta;ESPAÑA;
CORDE;160;167;ermano. Y aunque le di la ocasion queriendo en su cas entrar no quiero Otauia tomar de vos la satisfaccion **;en;cas;posesivo;ambiguo;Mímesis oralidad;Lope de Vega Carpio;1595 - 1603;1599;exacta;ESPAÑA;
CORDE;164;171;endo la ocasión, ocultamente, recogida quedaba en cas de Alcina. VALENTIN ¿Y ver no la podemos? FILENO **;en;cas;de;estado;Mímesis oralidad;Lope de Vega Carpio;1588 - 1595;1591;exacta;ESPAÑA;
CORDE;167;175;"bellaco que buscaba como mejor me dejase entró en cas de un caballero y a la puerta me dejó, porque, ""L **";en;cas;de;ambiguo;Mímesis oralidad;Lope de Vega Carpio;a 1618;1618;ante;ESPAÑA;
CORDE;177;185;la muerte, y la vida se reparte.) PRÍNCIPE Era en cas de la Duquesa. VALERIO De Celia: ¿no lo conoces? **;en;cas;de;estado;Mímesis oralidad;Lope de Vega Carpio;a 1604;1604;ante;ESPAÑA;
CORDE;180;189;"CAMILO De aquesta casa salió,
y con Clavela la vi.
¡Cielos, Iulia vive aquí, en casa de Iulia entró! ¿A qué o cómo en una casa donde se trata de amor? Hoy mi locura es mayor, todo el infierno me abrasa. ¡Celia en cas de Iulia!, ¿a qué? ¿Esta es amistad honrada de un **";en;cas;de;estado;Mímesis oralidad;Lope de Vega Carpio;1599 - 1605;1602;exacta;ESPAÑA;
CORDE;181;190;¿Esta es amistad honrada de una mujer que estimada de toda Florencia fue? ¡En cas de una cortesana, Celia! ¡Mi temor es cierto! ¡Si **;en;cas;de;estado;Mímesis oralidad;Lope de Vega Carpio;1599 - 1605;1602;exacta;ESPAÑA;
CORDE;204;213;s espaldas SANCHO: ¿Por qué no se puede entrar en cas de los buenos reyes? ¿Tanta licencia han de dar a **;en;cas;de;ambiguo;Mímesis oralidad;Lope de Vega Carpio;1598 - 1602;1600;exacta;ESPAÑA;
CORDE;205;214;LEONARDO ¡Tate! Ya os he conocido. ¿No sois de en cas de Ricarda? LISBELLA Sí, señor, y envía a deciros **;de en;cas;de;procedencia;Mímesis oralidad;Lope de Vega Carpio;c 1598;1598;circa;ESPAÑA;
CORDE;206;215;Adónde iremos? TERCERO Al Prado. PRIMERO ¿Y no en cas de algún pescado? SEGUNDO Ya estará con su empana **;en;cas;de;movimiento;Mímesis oralidad;Lope de Vega Carpio;c 1598;1598;circa;ESPAÑA;
CORDE;207;216;e. LEONARDO Pues Teodoro tarda, voime, * que * en cas de Ricarda sin duda debe de estar. Bien ternemos **;en;cas;de;estado;Mímesis oralidad;Lope de Vega Carpio;c 1598;1598;circa;ESPAÑA;
CORDE;208;217;e los dejé, aunque él me decía que los llevase en cas * de don Rodrigo. PADRE Bien, hija, te bastó ser **;en;cas;de;movimiento;Mímesis oralidad;Lope de Vega Carpio;c 1598;1598;circa;ESPAÑA;
CORDE;216;225;tenga salud. Beltrán. Soy muy discreto, llegad en cas de Beatriz. Esbirrio. Ay reclamo? Beltrán. Es cod **;en;cas;de;movimiento;Mímesis oralidad;Lope de Vega Carpio;c 1604 - 1612;1608;circa;ESPAÑA;
CORDE;217;226; de virtudes, aguas, yerbas y saludes, que hay en cas de un boticario. Es, diferenciando el centro de a **;en;cas;de;estado;Mímesis oralidad;Lope de Vega Carpio;c 1608 - 1612;1610;circa;ESPAÑA;
CORDE;218;227;s, guantes, te quiero dar, prenda mía, mañana, en cas de la Hermosa, y de una tela vistosa. Marcela Tén **;en;cas;de;estado;Mímesis oralidad;Lope de Vega Carpio;c 1608 - 1612;1610;circa;ESPAÑA;
CORDE;89;96; os encuentre el duende, y os coma, el coco.] En cas de mi padre conocí yo otro que me reuelaua mis se **;en;cas;de;estado;no marcado;Luis de Góngora y Argote;1580 - a 1627;1603;exacta;ESPAÑA;
CORDE;112;119;Allá darás, rayo, en cas de Tamayo. 1 De hospedar a gente extraña, o Flam **;en;cas;de;ambiguo;no marcado;Luis de Góngora y Argote;1600;1600;exacta;ESPAÑA;
CORDE;113;120;a, sale luego el potro bayo. Allá darás, rayo, en cas de Tamayo.  2 De muy grave la viudita llama padr **;en;cas;de;ambiguo;no marcado;Luis de Góngora y Argote;1600;1600;exacta;ESPAÑA;
CORDE;114;121;mita al que recibió por ayo. Allá darás, rayo, en cas de Tamayo.  3 Alguno hay en esta vida, que sé yo ** ;en;cas;de;ambiguo;no marcado;Luis de Góngora y Argote;1600;1600;exacta;ESPAÑA;
CORDE;115;122; que a él le corten el sayo. Allá darás, rayo, en cas de Tamayo. 4 Con su lacayo en Castilla se acomod **;en;cas;de;ambiguo;no marcado;Luis de Góngora y Argote;1600;1600;exacta;ESPAÑA;
CORDE;116;123;a, y que la ocupe el lacayo. Allá darás, rayo, en cas de Tamayo.  5 Opilóse vuestra hermana y diola el **;en;cas;de;ambiguo;no marcado;Luis de Góngora y Argote;1600;1600;exacta;ESPAÑA;
CORDE;117;124;a, y vino a purgar por mayo. Allá darás, rayo, en cas de Tamayo. **;en;cas;de;ambiguo;no marcado;Luis de Góngora y Argote;1600;1600;exacta;ESPAÑA;
CORDE;203;212;. Casilda ¿Dónde, amigo, y de qué modo? Doctor En cas de Enrico, señora. No preguntes más ahora, que de **;en;cas;de;estado;Mímesis oralidad;Luis de Góngora y Argote;1613;1613;exacta;ESPAÑA;
CORDE;189;198;abemos, descuídese tu merced. Pródigo Pues digo a cas de la vieja, que allí quedaré aguardando. Liçán M **;a;cas;de;ambiguo;Mímesis oralidad;Luis de Miranda;1554;1554;exacta;ESPAÑA;
CORDE;190;199;la bolsa yo me entrego y, sus, llevémosle luego a cas de la vieja mala. Ora mantenga la gala, tómale en **;a;cas;de;movimiento;Mímesis oralidad;Luis de Miranda;1554;1554;exacta;ESPAÑA;
CORDE;191;200;[escena I] Pródigo ¡Oh, quántos de mercenarios en cas de mi padre están que tienen sobrado el pan con s **;en;cas;de;estado;Mímesis oralidad;Luis de Miranda;1554;1554;exacta;ESPAÑA;
CORDE;221;230;"Mauricia Que vuélvale para la maya, porque triste no se vaya; que quiérele para una saya que tiene en cas del mercader.  ";en;cas;de;estado;Mímesis oralidad;Luis Quiñones de Benavente;p1626;1626;post;ESPAÑA;
CORDE;178;187;irve de capellar. Esta adarga y esta lanza que en cas de mi amo he cogido, hoy de molde me ha venido pa **;en;cas;de;estado;Mímesis oralidad;Luis Vélez de Guevara;1614;1614;exacta;ESPAÑA;
CORDE;187;196;ARIA Aquí hay concejo, y no atino... Yo estaba en cas del vecino... MANUELA ¡Madre! BALBINO ¡Suegro! CI **;en;cas;de;estado;Mímesis oralidad popular;Manuel Bretón de los Herreros;1841;1841;exacta;ESPAÑA;
CDH;346;23;MACARIA Ya es preciso que de casa / le echemos a todo trance, / (A CIRIACO.) / Tú marcha a ver si nos truecan / la goleta con mil diantres, / y yo en ca del escribano / para que me haga al istante / un memorial...;en;ca;de;movimiento;Mímesis oralidad popular;Manuel Bretón de los Herreros;1841;1841;exacta;ESPAÑA;
CDH;268;1;Ya iba mu lejos, y llegó an cá el gigante, se sentó allí en una mesa, vió toda la cocina y estuvo destapando los pucheros y to;an;ca;no;movimiento;Oralidad popular;Marciano Curiel Merchán;1944;1944;exacta;ESPAÑA;
CDH;269;2;Llegó an cá la novia, puso la cesta allí, fué la novia a ver lo que la traía y él se acercó, diciendo:;an;ca;no;movimiento;Oralidad popular;Marciano Curiel Merchán;1944;1944;exacta;ESPAÑA;
CDH;270;3;una olla de manteca, y le mandó con la olla, diciéndole que la llevase bien guardadita, porque llovía mucho. El se la llevó entre la faja para que no se mojase, y cuando llegó an cá su novia se sentó con ella al brasero, sin acordarse de la olla de manteca, que se le derretía y le calaba por los pantalones abajo;an;ca;no;movimiento;Oralidad popular;Marciano Curiel Merchán;1944;1944;exacta;ESPAÑA;
CDH;271;4;Llegó an cá de su tía, la dió los huevos y la tía le dió diez reales, un pan, un queso y una morcilla.;an;ca;de;movimiento;Oralidad popular;Marciano Curiel Merchán;1944;1944;exacta;ESPAÑA;
CORPES;227;2;funcionan. Te hacen dar vueltas y vueltas. Un tal Kafka le dedicó una novela al absurdo de la burocracia. ¿Pero para qué sí son buenos? Basta ver el ejemplo de la Alemania nazi. Ninguna transnacional ha logrado la capacidad logística de Auschwitz. El alumbrado público, las calles, los drenajes, todo por anca la madre. ¿Pero qué tal para matar judíos? Ni Procter & Gambel tiene un sistema tan perfecto como lo tuvieron los nazis para la recolección, distribución, clasificación, almacenaje y procesamiento industrial de los judíos. En América Latina jamás nos hemos puesto de acuerdo para nada. Ahora incluso el Mercosur tiene innumerables fallas,;an;ca;no;NA;Locución;Mario Cantú Toscano;2006;2006;exacta;MÉXICO;
CORDE;45;50;salud y a tu vecino enfermo, si diera el rayo en cas de Ana Díaz, * mejor lo llevaras, todo fuera sabr **;en;cas;de;estado;Mímesis oralidad;Mateo Alemán;1604;1604;exacta;ESPAÑA;
CORPES;233;10;Campo Rinoceronte en cá Kassiano, hoy viernes pasadas las nueve de la noche. Enfrente, se va levantando el ahora todavía fantasma de mi casa, a pesar de la luna que hoy comenzó a llenarse. También acá, guardando las debidas proporciones, me está sacando canas verdes el tal por cual del contratista constructor, que se llama nada menos;en;ca;no;estado;ambiguo;Matilde Pons;2003;2003;exacta;MÉXICO;
CORDE;155;162; la otra la Imperial la dio por nombre, Porque en cas de un cacique poderoso De los de su comarca, halló en la puerta Un águila imperial de dos cabezas,;en;cas;de;estado;no marcado;Melchor Jufré del Águila;1630;1630;exacta;CHILE;
CORDE;199;208;amiento tan rauioso que caso tan vergonçoso si en cas(a) del rey se supiesse por cierto yo no biuiesse **;en;cas(a);de;estado;Mímesis oralidad;Micael de Carvajal;a 1540;1540;ante;ESPAÑA;
CORDE;200;209;tu fiel criado de mañana y sin pereza fue luego a cas(a) de su alteza a tenerlo aparejado pu. bien est **;a;cas(a);de;movimiento;Mímesis oralidad;Micael de Carvajal;a 1540;1540;ante;ESPAÑA;
CORDE;201;210;s. paje. a señora ze. tirad corriendo a la ora a cas(a) del rey pharaon hazed que sin dilacion venga l **;a;cas(a);de;movimiento;Mímesis oralidad;Micael de Carvajal;a 1540;1540;ante;ESPAÑA;
CORDE;202;211; al panadero ahorcaron y a mi luego me tornaron a cas(a) de tu magestad y entonces por la amistad di mi **;a;cas(a);de;movimiento;Mímesis oralidad;Micael de Carvajal;a 1540;1540;ante;ESPAÑA;
CORDE;163;170;ás disgustada y que de mí tienes quexas y vete en cas de doña Ana que, siendo huéspeda en ella, podrás **;en;cas;de;movimiento;Mímesis oralidad;Pedro Calderón de la Barca;1635;1635;exacta;ESPAÑA;
CORDE;222;231;"Nuño La hidalguez, y no te espante; que si no alojan, señor, en cas de hidalgos a nadie, ¿por qué piensas que es?  ";en;cas;de;estado;Mímesis oralidad;Pedro Calderón de la Barca;1640-1644;1642;exacta;ESPAÑA;
CORDE;49;54; i señor don Eusebio, esto no es mentar la soga en cas * del ahorcado, pues vmd. está por casar todavía, **;en;cas;de;estado;Refrán;Pedro Montengón;1786;1786;exacta;ESPAÑA;
CORDE;80;87;"Retirado ya el de Orange, vióse la villa cercada, de poderse deffender sin remedio ni esperança, pues no les era posible tener socorro de Francia, porque en aquel mismo tiempo, que sin duda le aguardauan, 
supieron que el Almirante,
que era el que los bandeaua, capitan y deffensor de la secta luterana, de en cas de el Príncipe Conde viniéndose á su posada, al entrar por vna calle vn hombre le dió vna carta, y parándose á leella no se temiendo de nada, sin saber de adónde vino le dieron con vna bala que le rompió el braço y mano con que la carta tomara;";de en;cas;de;relacional;no marcado;Pedro Padilla;1583;1583;exacta;ESPAÑA;
CORDE;68;74;, me dijo, para ser examinada en Dar-es-Salem, la cas del saber, porque ambiciona llegar a ulema, ha de **;NA;cas;sin_complemento;NA;no marcado;Pío Font Quer;1962;1962;exacta;ESPAÑA;
CDH;273;6;Porgama de la solene junción y estupenda asonaa que a e celebrarse el miércoles de ceniza de esta corte, como es uso y de-bota costumbre en toa la cristiandá de estos barrios, saliendo la procisión den ca el tío Chispas el taernero, crofade mayor de la sardina con el intierro de este animal y too lo demás que aquí se relata;den;ca;no;procedencia;Mímesis oralidad popular;Ramón de Mesonero Romanos;1842-1851;1846;exacta;ESPAÑA;
CDH;345;22;"/ su mutuo descontento por lo inútil de estas lecciones, saltó la señora Aldonza, y dando rienda suelta a su mal reprimido disgusto, — «No os canséis, chicos (les dijo), que pa golver en ca e vuestro padre Patricio Mirabajo con los mesmos pecaos que trujisteis, eso me da que igais aches como que igais erres; y Dios en mis adrentos, que lo demás son sotilezas, con que no";en;ca;de;movimiento;Mímesis oralidad popular;Ramón de Mesonero Romanos;1833;1833;exacta;ESPAÑA;
CORDE;52;57; aulas! La Disa ¡Ah de Dios! ¡Acudide vecinos! ¡En cas de Julepe! ¡Nos degüella vivas este sanguinario! **;en;cas;de;movimiento;Mímesis oralidad popular;Ramón María del Valle-Inclán;1927;1927;exacta;ESPAÑA;
CORDE;70;76;"es. 7 Canc. Vat., 974: ""Foy hun dia Lopo jograr A cas duun infanzon cantar"", comp. abajo, pág. 205. Una **";a;cas;de;movimiento;Oralidad popular;Ramón Menéndez Pidal;1924 - 1957;1941;exacta;ESPAÑA;
CDH;370;51;l Muc-chita, y no te mueras de necesitado de camino otra vez... Ojalá que, de menos, luego que seas ya pura carroña, no te hagan asco los zopilotes que te han de devorar y llevar en ca' los dioses a que les pidas compasión pa' todos los de tu raza. Y a'i te rogamos dende'hora que dispués de muerto nos dejes en paz y no retornes con tu ánima por acá pa;en;ca;no;movimiento;Mímesis oralidad popular;Ramón Rubín;1952;1952;exacta;MÉXICO;
CORDE;128;135;" tras él por ver donde iba; viérale yo entrare en cas de su amiga. Fuérame tras él por ver donde entra **";en;cas;de;ambiguo;Oralidad popular;Reyes Mejía de la Cerda;c 1600;1600;circa;ESPAÑA;
CORDE;129;136;"s él por ver donde entraba; viérale yo entrare en cas de su dama. 742 Que de vos, el guindo, cogeré gu **";en;cas;de;ambiguo;Oralidad popular;Reyes Mejía de la Cerda;c 1600;1600;circa;ESPAÑA;
CORDE;209;218;robar le he dado un trago tan fuerte. Llévanme en cas de mi tío, que de allí pediré treguas al piadoso **;en;cas;de;movimiento;Mímesis oralidad;Ricardo del Turia;1616;1616;exacta;ESPAÑA;
CORDE;102;109;los! 37. ¡Qué son de las çurumbías (f. 15va) de cas' de nuestras agüelas! ¡El plazer, las donosías, a **;de;cas;de;relacional;no marcado;Rodrigo Cota;a 1500;1500;ante;ESPAÑA;
CORDE;119;126;stes sin haz ni enues a dios todo poderoso que en cas de Simon leproso vngistes sus sacros pies con vng **;en;cas;de;estado;no marcado;Ruy García Alemán;1533;1533;exacta;ESPAÑA;
CORPES;231;6;Rabanales.– ¿Se puede saber dónde te has metido? Hace lo menos quince días que te ponemos falta en ca Marcial. Y según me cuentan, ni por Los Tres Reyes ni por El Portón se ha dejado últimamente ver su historiada persona.;en;ca;no;estado;Mímesis oralidad;Santi Ortiz Trixac;2001;2001;exacta;ESPAÑA;
CORPES;232;7;Rabanales.– Bueno, ya me callo. Y ahora que vamos a celebrar tu «reaparición» en ca Marcial, di conmigo: ¡Viva Chiclana!;en;ca;no;estado;Mímesis oralidad;Santi Ortiz Trixac;2001;2001;exacta;ESPAÑA;
CORDE;3;7;ados están de hazeros su capitán los que están en Cas del Nunçio. 76 EL AUCTOR MOTEJANDO A UNO DE NEÇIO **;en;cas;de;estado;Mímesis oralidad;Sebastián de Horozco;c 1540 - 1579;1559;circa;ESPAÑA;
CORDE;4;8; brevemente remedie el inconveniente, no vamos en Cas del Nunçio. Gustado por el doctor que en la enfe **;en;cas;de;movimiento;Mímesis oralidad;Sebastián de Horozco;c 1540 - 1579;1559;circa;ESPAÑA;
CORDE;132;139;s, Dios loado, quando la corte viniere, ternán en cas de un letrado el aposento sobrado cada cual lo qu **;en;cas;de;estado;Mímesis oralidad;Sebastián de Horozco;c 1540 - 1579;1559;circa;ESPAÑA;
CORDE;133;140;de la desventura que vino por mí. Señor, etc. En cas de mi padre estaba ençerrada, de chicos y grandes **;en;cas;de;estado;Mímesis oralidad;Sebastián de Horozco;c 1540 - 1579;1559;circa;ESPAÑA;
CORDE;134;141;en lo alto amaneçer, aunque era chica la dama, en cas de viuda y sin ama, es cosa que pudo ser. SENTENÇ **;en;cas;de;estado;Mímesis oralidad;Sebastián de Horozco;c 1540 - 1579;1559;circa;ESPAÑA;
CORDE;135;142;"Este es aquél que negó (4) Matey 26. Marc.-14. Luc.- 22. Johán.- 18. a Xpo. en cas de Pilato; éste es aquel que lloró su pecado como **";en;cas;de;estado;Mímesis oralidad;Sebastián de Horozco;c 1540 - 1579;1559;circa;ESPAÑA;
CORDE;136;143; llevarla por allá. Moça es que siempre priva en cas de vuestra merçed, y como secándose yba de muerta **;en;cas;de;estado;Mímesis oralidad;Sebastián de Horozco;c 1540 - 1579;1559;circa;ESPAÑA;
CORDE;137;144;la canina que vían, que algunos pobres vendían en cas de los cortidores. Porque de qualquiera venta no **;en;cas;de;estado;Mímesis oralidad;Sebastián de Horozco;c 1540 - 1579;1559;circa;ESPAÑA;
CORDE;185;194;FRAILE ¡No más, que yo pagaré! PREGONERO Porque fuistes mentiroso y me parecéis tramposo, esta vez no os fiaré. FRAILE ¡Baste ya! Yo os doy mi fe de pagar. VILLANO Una prenda avéis de dar. FRAILE Tomá en prendas el bacín. VILLANO Así, así, don regolar, * ¿querés buñuelos tragar, después no pagar cuatrín? * FRAILE ¿Cómo a un çarracatín * me tratáis? PREGONERO Padre, de cuanto gastáis por cas de los pasteleros, * pues holgando lo ganáis, * ¿ **;por en;cas;de;estado;Mímesis oralidad;Sebastián de Horozco;c 1550;1550;circa;ESPAÑA;
CDH;353;32;. Pero é iba borracho. A la cuenta ze ha tomao cuatro copas de más pa dejarla. Y a mi hermana le ha dao un inzurto. Y me dijo mi madre: «Pos anda, ve en ca de don Cecilio, a vé zi pué vení.» Y en ca de usté me dijeron que debía usté de está en ca de doña Madalena. Y en ca de doña Madalena me dijeron que quizá;en;ca;de;movimiento;Mímesis oralidad popular;Serafín y Joaquín Álvarez Quintero;1912;1912;exacta;ESPAÑA;
CDH;354;33;de más pa dejarla. Y a mi hermana le ha dao un inzurto. Y me dijo mi madre: «Pos anda, ve en ca de don Cecilio, a vé zi pué vení.» Y en ca de usté me dijeron que debía usté de está en ca de doña Madalena. Y en ca de doña Madalena me dijeron que quizá estaría usté en ca der cura. Y por ezo he venío.;en;ca;de;estado;Mímesis oralidad popular;Serafín y Joaquín Álvarez Quintero;1912;1912;exacta;ESPAÑA;
CDH;355;34;dao un inzurto. Y me dijo mi madre: «Pos anda, ve en ca de don Cecilio, a vé zi pué vení.» Y en ca de usté me dijeron que debía usté de está en ca de doña Madalena. Y en ca de doña Madalena me dijeron que quizá estaría usté en ca der cura. Y por ezo he venío.;en;ca;de;estado;Mímesis oralidad popular;Serafín y Joaquín Álvarez Quintero;1912;1912;exacta;ESPAÑA;
CDH;356;35;mi madre: «Pos anda, ve en ca de don Cecilio, a vé zi pué vení.» Y en ca de usté me dijeron que debía usté de está en ca de doña Madalena. Y en ca de doña Madalena me dijeron que quizá estaría usté en ca der cura. Y por ezo he venío.;en;ca;de;estado;Mímesis oralidad popular;Serafín y Joaquín Álvarez Quintero;1912;1912;exacta;ESPAÑA;
CDH;357;36;don Cecilio, a vé zi pué vení.» Y en ca de usté me dijeron que debía usté de está en ca de doña Madalena. Y en ca de doña Madalena me dijeron que quizá estaría usté en ca der cura. Y por ezo he venío.;en;ca;de;estado;Mímesis oralidad popular;Serafín y Joaquín Álvarez Quintero;1912;1912;exacta;ESPAÑA;
CORDE;19;24; nde muy mediana me mandaba a pedir la limosnita a cas de ricos y pobres. Tantas miserias pasábamos, que **;a;cas;de;ambiguo;Mímesis oralidad popular;Tomás  Carrasquilla;1935 - 1936;1935;exacta; COLOMBIA;
CORDE;20;25; : no nos contó que se había metido con el Mono en cas de las Vegas ni que había conocido a Antolino. - **;en;cas;de;ambiguo;Mímesis oralidad popular;Tomás  Carrasquilla;1935 - 1936;1935;exacta; COLOMBIA;
CORDE;21;26; e de su padrecito, y cuando ya la tenía a usté en cas de misiá Gertruditas. Ya se acordará que los sába **;en;cas;de;estado;Mímesis oralidad popular;Tomás  Carrasquilla;1935 - 1936;1935;exacta; COLOMBIA;
CORDE;22;27;" e va enseñando a l'estera. Anoche l'hizo mella en cas de Pedro Builes, por la poca costumbre; pero aquí **";en;cas;de;estado;Mímesis oralidad popular;Tomás  Carrasquilla;1935 - 1936;1935;exacta; COLOMBIA;
CORDE;23;28;turbaba algún perro o los cantorios sabáticos en cas de la Mereja, me inmutan estas rochelas, para mí **;en;cas;de;estado;Mímesis oralidad popular;Tomás  Carrasquilla;1935 - 1936;1935;exacta; COLOMBIA;
CORDE;24;29; pero me criaron en el propio plan de la ciudá, en cas del Señor Vicario, el padre Buenaventura Escudero **;en;cas;de;estado;Mímesis oralidad popular;Tomás  Carrasquilla;1935 - 1936;1935;exacta; COLOMBIA;
CORDE;25;30;"la cocina, y y'está más sosegaíta; con ser qu'en cas del señor cura nu'hacía sino gritar y desesperars **";en;cas;de;estado;Mímesis oralidad popular;Tomás  Carrasquilla;1935 - 1936;1935;exacta; COLOMBIA;
CORDE;26;31; lero a toda gana! - ¿Dónde está, Cantalicia? - En cas del señor cura. Allá'stá en tratos con Nicanorcit **;en;cas;de;estado;Mímesis oralidad popular;Tomás  Carrasquilla;1935 - 1936;1935;exacta; COLOMBIA;
CORDE;27;32; 'un'agua pa unos molinos. Posó en la Cabecera, en cas del dotor Salgao, porque la mujer del dotor es pr **;en;cas;de;estado;Mímesis oralidad popular;Tomás  Carrasquilla;1935 - 1936;1935;exacta; COLOMBIA;
CORDE;28;33; . Li'alvierto esto, cordero, pa que cuando'sté en cas de don Miguel o de su suegro vean todos qui'usté **;en;cas;de;estado;Mímesis oralidad popular;Tomás  Carrasquilla;1935 - 1936;1935;exacta; COLOMBIA;
CORDE;29;34; n paz. - ¡Ea, pues, ganaíto bravo! Echemos pata a cas de mi compé Cepeda. Y en un dos por tres estamos **;a;cas;de;movimiento;Mímesis oralidad popular;Tomás  Carrasquilla;1935 - 1936;1935;exacta; COLOMBIA;
CORDE;30;35; De dónde viene ahora, vieja? -pregunta mamá. - De cas de Zoila Rosa. Como que no tiene achaque mayor. E **;de;cas;de;procedencia;Mímesis oralidad popular;Tomás  Carrasquilla;1935 - 1936;1935;exacta; COLOMBIA;
CORDE;31;36;" s cocos y echó sus cantos. Tuve que esconderlo en cas de las Calderones; pero no me valió, porque la di **";en;cas;de;estado;Mímesis oralidad popular;Tomás  Carrasquilla;1935 - 1936;1935;exacta; COLOMBIA;
CORDE;32;37;medianas pal Sitio? Tanté que tenían un baile en cas de mi hermana Guadalupe. Quién sabe como les habe **;en;cas;de;estado;Mímesis oralidad popular;Tomás  Carrasquilla;1935 - 1936;1935;exacta; COLOMBIA;
CORDE;33;38; —¿Y Juliana? -le pregunta Melita.  —Tanté que salió dend'esta mañana con toita la recua, a ayudales en cas de Caravajal al arreglo del angelito. Ella es tan **;en;cas;de;ambiguo;Mímesis oralidad popular;Tomás  Carrasquilla;1935 - 1936;1935;exacta; COLOMBIA;
CORDE;34;39; emango y me truje a ésta la empunté a Ventanas, a cas de mi mama. Y de Ventanas se la sacó Camilón y se **;a;cas;de;movimiento;Mímesis oralidad popular;Tomás  Carrasquilla;1935 - 1936;1935;exacta; COLOMBIA;
CORDE;35;40;" os traje del Sitio. Aquí son tres; otros tres, en cas de Salvadora; otros tres, en La Manga del Ganao; **";en;cas;de;estado;Mímesis oralidad popular;Tomás  Carrasquilla;1935 - 1936;1935;exacta; COLOMBIA;
CORDE;36;41; encatar donde ustedes no sepan. Después salimos a cas de Tilita, a llevarle las cosas y a convidarla pa **;a;cas;de;movimiento;Mímesis oralidad popular;Tomás  Carrasquilla;1935 - 1936;1935;exacta; COLOMBIA;
CORDE;37;42; to al despacho a oír las demandas, ni he vuelto a cas de las Morales a que me den la presa del gallo qu **;a;cas;de;movimiento;Mímesis oralidad popular;Tomás  Carrasquilla;1935 - 1936;1935;exacta; COLOMBIA;
CORDE;38;43; pinteros de Eladio. Allá estarán bien encabaos en cas de ño Caravajal. Qué tan bueno qu'Elisa nos hubie **;en;cas;de;estado;Mímesis oralidad popular;Tomás  Carrasquilla;1935 - 1936;1935;exacta; COLOMBIA;
CORDE;39;44; ellín, y tener cara de mandar a esta muchachita a cas de mi comadre María Antonia y dejarla allá tres m **;a;cas;de;movimiento;Mímesis oralidad popular;Tomás  Carrasquilla;1935 - 1936;1935;exacta; COLOMBIA;
CORDE;40;45; iban a juntase con estas? Allá estará Rogelia, en cas de Zoila Rosa, conversando con Tiberio. ¿No ves q **;en;cas;de;estado;Mímesis oralidad popular;Tomás  Carrasquilla;1935 - 1936;1935;exacta; COLOMBIA;
CORDE;41;46; postreras, nos vamos a aquel mandado a caballo, a cas de doña Simona. Es a comprarle brevas y papayas p **;a;cas;de;movimiento;Mímesis oralidad popular;Tomás  Carrasquilla;1935 - 1936;1935;exacta; COLOMBIA;
CORDE;42;47;" o mis culpas al padre Alejandrino. Rosana está en cas de doña Resfa; Ignacita anda en mil vueltas. Me q **";en;cas;de;estado;Mímesis oralidad popular;Tomás  Carrasquilla;1935 - 1936;1935;exacta; COLOMBIA;
CORDE;43;48;"Desde las doce se van los señores hasta La Blanca, a traer a Su Ilustrísima; y nosotros a cas de Indalecia, para darle el pésame por la muerte **";a;cas;de;movimiento;Mímesis oralidad popular;Tomás  Carrasquilla;1935 - 1936;1935;exacta; COLOMBIA;
CORDE;44;49; e sus hermanos. A la oracioncita nos asomábamos a cas de mi padrino, al saludo y bendición y de ahí se **;a;cas;de;movimiento;Mímesis oralidad popular;Tomás  Carrasquilla;1935 - 1936;1935;exacta; COLOMBIA;
CORDE;46;51;" alita diz que estaba muy contento en el baile, en cas de Pánfilo; y que de repente se perdió el muchach **";en;cas;de;estado;Mímesis oralidad popular;Tomás  Carrasquilla;1896;1896;exacta; COLOMBIA;
CORDE;47;52;pa más lindas!... ¡Es dicir! Cuando yo servía en cas de las señoras Angaritas, qu'estuve tres años lar **;en;cas;de;estado;Mímesis oralidad popular;Tomás  Carrasquilla;1896;1896;exacta; COLOMBIA;
CDH;276;9;d) Nombres prepositivos. Se usa corrientemente sin acento la palabra casa en la locución casa de, vulg. ca e, y ca, ant. cas de: «voy casa de  mi padre». En igual caso se hallan cara en la locución cara a (comp. frente a y hacia faz a),;NA;ca;no, e;NA;Metalingüístico;Tomás Navarro Tomás;1918-1932;1925;exacta;ESPAÑA;
CDH;358;37;"[¿En dónde?] – Aquí, cerquininga, en ca el vale Pedro Espíritu Santo; es un buen escondedero. Vamo pa allá, él es seguro, hombre de mucha concencia. [vale = persona rústica]";en;ca;no;estado;Mímesis oralidad popular;Tulio Manuel Cestero;1914;1914;exacta;REP. DOMINICANA ;